id,homeTacklesTotalHT,homeShotsTotalHT,awayDispossessedFT,awayPassSuccessFT,awayRatingsFT,awayDribbleSuccessFT,awayDribblesAttemptedHT,awayTeamLineUp,awayShotsBlockedHT,awayShotsTotalHT,homeDribbleSuccessHT,homeFoulsCommitedFT,homeAerialsTotalFT,homeRatingsHT,awayShotsOnTargetFT,awayShotsBlockedFT,homeInterceptionsHT,awayPossessionHT,homePassesKeyFT,awayShotsOnTargetHT,awayDribblesWonFT,awayTackleSuccessHT,homeCornersTotalFT,homeAerialsTotalHT,homeShotsBlockedFT,awayCornersTotalHT,homeCornersTotalHT,homeDribbleSuccessFT,homeTeamLineUp,awayPassSuccessHT,awayDribblesWonHT,homeDispossessedHT,awayAerialsTotalFT,homeShotsBlockedHT,awayPassesKeyFT,homeTackleSuccessHT,awayPassesKeyHT,homeFormation,awayInterceptionsHT,awayDispossessedHT,refereeName,homeDribblesWonHT,homePossessionFT,awayAerialsTotalHT,awayGoalHT,awayManagerName,awayInterceptionsFT,homeDribbledPastFT,homeGoalHT,awayDribbleSuccessHT,homeGoalFT,awayTacklesTotalHT,homeDribblesWonFT,awayTackleSuccessFT,awayTeam,homeDispossessedFT,awayOffsidesCaughtFT,awayDribbledPastFT,homeShotsOnTargetHT,awayFormation,awayOffsidesCaughtHT,homeDribbledPastHT,awayFoulsCommitedHT,homeShotsTotalFT,homePassSuccessFT,homeFoulsCommitedHT,awayCornersTotalFT,homeTeam,homeManagerName,awayFoulsCommitedFT,homeShotsOnTargetFT,homeDribblesAttemptedHT,awayRatingsHT,homeOffsidesCaughtHT,homeTacklesTotalFT,awayDribbledPastHT,awayGoalFT,homePassesKeyHT,homeOffsidesCaughtFT,homePossessionHT,venueName,awayDribblesAttemptedFT,homeInterceptionsFT,homePassSuccessHT,date,awayTacklesTotalFT,homeRatingsFT,homeDribblesAttemptedFT,homeTackleSuccessFT,awayPossessionFT,awayShotsTotalFT,division,teamWon,comeback,margin,Winner,Location,PossesionFTOfWonTeam,ShotsFTOfWonTeam,FoulsCommittedFTLostTeam,PossesionHTOfWonTeam,ShotsHTOfWonTeam,FoulsCommittedHTLostTeam
56,11,7,12,68.16,6.73,33.33,5,"José Reina,Andre Wisdom,Daniel Agger,Jamie Carragher,Glen Johnson,Lucas Leiva,Jordan Henderson,Steven Gerrard,Stewart Downing,Daniel Sturridge,Luis Suárez",0,6,39.39,9,31,6.05,5,3,8,43.66,15,3,7,71.11,8,17,5,2,6,27.08,"Wojciech Szczesny,Bacary Sagna,Thomas Vermaelen,Per Mertesacker,Kieran Gibbs,Jack Wilshere,Aaron Ramsey,Theo Walcott,Santiago Cazorla,Lukas Podolski,Olivier Giroud",67.93,0,4,31,3,10,100,5,4231,10,6,Kevin Friend,6,60.21,17,1,Brendan Rodgers,22,7,0,0,2,19,6,84.52,Liverpool,13,3,6,3,433,2,0,3,19,80.46,5,6,Arsenal,Arsene Wenger,11,6,15,6.49,1,30,6,2,4,1,56.34,Emirates Stadium,18,13,75.2,1/30/2013,34,6.34,21,81.33,39.79,13,EPL,Blank,Arsenal,1,,Home,60.21,19,11,56.34,7,3
79,10,3,13,76.88,6.19,14.29,3,"Petr Cech,César Azpilicueta,John Terry,Gary Cahill,Ashley Cole,Ramires,Frank Lampard,Eden Hazard,Juan Mata,Victor Moses,Demba Ba",3,5,100,13,20,6.48,7,5,17,61.22,11,2,1,44.44,6,9,7,3,2,85.71,"Brad Guzan,Eric Lichaj,Ron Vlaar,Nathan Baker,Joe Bennett,Yacouba Sylla,Ashley Westwood,Fabian Delph,Andreas Weimann,Christian Benteke,Gabriel Agbonlahor",82.12,0,4,20,1,10,100,4,433,7,7,Lee Mason,6,44.84,9,0,Rafael Benitez,10,1,1,0,1,10,14,48.41,Chelsea,10,2,14,1,4231,1,0,7,15,64.13,7,7,Aston Villa,Paul Lambert,8,2,6,6.03,1,20,6,2,3,4,38.78,Villa Park,7,36,55.88,5/11/2013,26,6.74,16,94.74,55.16,15,EPL,Chelsea,Chelsea,2,Away,Away,55.16,15,13,61.22,5,7
114,11,3,5,57.08,6.5,75.64,7,"Tim Krul,Danny Simpson,Fabricio Coloccini,Mike Williamson,Davide Santon,Papiss Demba Cissé,Gael Bigirimana,Vurnon Anita,James Perch,Sylvain Marveaux,Demba Ba",2,7,100,13,31,5.95,7,4,8,41.81,10,3,11,85.71,2,10,3,0,0,40,"David de Gea,Chris Smalling,Rio Ferdinand,Jonny Evans,Patrice Evra,Antonio Valencia,Michael Carrick,Paul Scholes,Ryan Giggs,Chicharito,Robin van Persie",57.44,6,6,31,0,10,45.45,4,442,8,4,Mike Dean,1,59.65,10,2,Alan Pardew,10,11,1,85.71,4,7,4,82.61,Newcastle,13,0,4,2,451,0,6,7,15,77.49,6,2,Man Utd,Alex Ferguson,18,7,1,6.37,0,21,1,3,0,3,58.19,Old Trafford,16,17,78.34,12/26/2012,24,6.22,11,45.37,40.35,15,EPL,Man Utd,Man Utd,2,Home,Home,59.65,15,18,58.19,3,7
149,18,6,18,74.45,6.43,34.62,8,"José Reina,Glen Johnson,Daniel Agger,Martin Skrtel,José Enrique,Lucas Leiva,Steven Gerrard,Joe Allen,Stewart Downing,Jonjo Shelvey,Raheem Sterling",4,9,59.09,12,29,6.18,4,5,7,61.99,7,1,6,66.67,2,14,4,4,1,57.69,"Jussi Jääskeläinen,Guy Demel,Winston Reid,James Collins,Joey O'Brien,Mohamed Diamé,Mark Noble,Matthew Taylor,Kevin Nolan,Matthew Jarvis,Carlton Cole",73.46,4,8,29,2,13,78.57,5,4231,5,10,Lee Probert,8,40.65,14,1,Brendan Rodgers,8,6,2,50,2,21,9,75.31,Liverpool,16,1,9,3,433,0,4,7,11,69.04,4,5,West Ham,Sam Allardyce,12,4,13,6.31,1,33,8,3,3,5,38.01,Upton Park,15,13,67.4,12/9/2012,31,6.42,15,86.42,59.35,17,EPL,Liverpool,Liverpool,2,Away,Away,59.35,17,12,61.99,9,4
198,23,6,20,78.6,6.31,45.83,14,"Brad Jones,Daniel Agger,Andre Wisdom,Jamie Carragher,Glen Johnson,Nuri Sahin,Joe Allen,José Enrique,Steven Gerrard,Luis Suárez,Raheem Sterling",0,3,64.29,12,13,6.33,3,2,3,61.29,10,0,13,71.88,4,4,2,3,1,61.76,"Petr Cech,César Azpilicueta,Branislav Ivanovic,John Terry,Ryan Bertrand,Ramires,John Obi Mikel,Juan Mata,Oscar,Eden Hazard,Fernando Torres",81.91,6,9,13,0,8,76.32,3,4231,5,9,Howard Webb,5,46.22,4,0,Brendan Rodgers,11,13,1,45.83,1,17,13,71.62,Liverpool,22,7,13,2,3412,3,6,5,15,71.27,6,7,Chelsea,Roberto Di Matteo,13,3,8,6.06,1,48,5,1,5,1,38.71,Stamford Bridge,28,9,73.81,11/11/2012,44,6.58,22,76.5,53.78,10,EPL,Blank,Liverpool,1,,Away,53.78,10,12,61.29,3,6
201,8,3,12,85.63,6.4,44.44,4,"David de Gea,Rafael,Chris Smalling,Rio Ferdinand,Patrice Evra,Michael Carrick,Paul Scholes,Antonio Valencia,Wayne Rooney,Ashley Young,Robin van Persie",3,6,0,14,29,6.25,5,6,18,67.01,6,2,5,100,5,15,3,1,3,27.27,"Brad Guzan,Matthew Lowton,Ciaran Clark,Ron Vlaar,Enda Stevens,Ashley Westwood,Barry Bannan,Andreas Weimann,Stephen Ireland,Gabriel Agbonlahor,Christian Benteke",87.07,2,2,29,1,16,75,5,4231,5,4,Kevin Friend,0,34.44,15,0,Alex Ferguson,8,5,1,50,2,5,3,83.33,Man Utd,6,3,3,1,4231,1,2,5,8,65.87,8,6,Aston Villa,Paul Lambert,8,3,3,6.24,0,22,0,3,2,0,32.99,Villa Park,10,28,65.39,11/10/2012,17,6.59,11,80,65.56,20,EPL,Man Utd,Man Utd,2,Away,Away,65.56,20,14,67.01,6,8
205,15,12,13,56.94,6.49,42.11,8,"Tim Krul,Vurnon Anita,Fabricio Coloccini,Steven Taylor,Davide Santon,Hatem Ben Arfa,Jonás Gutiérrez,Yohan Cabaye,James Perch,Papiss Demba Cissé,Demba Ba",0,5,41.67,11,23,6.26,3,0,11,37.04,16,1,9,72.22,14,14,9,0,6,42.31,"Brad Jones,Andre Wisdom,Daniel Agger,Martin Skrtel,José Enrique,Steven Gerrard,Joe Allen,Suso,Nuri Sahin,Raheem Sterling,Luis Suárez",62.41,4,5,23,4,6,75,3,4231,7,7,Anthony Taylor,6,67.63,14,1,Alan Pardew,15,9,0,50,1,18,14,66.67,Newcastle,8,1,14,1,451,1,4,5,23,74.36,5,3,Liverpool,Brendan Rodgers,14,6,13,6.24,0,36,6,1,8,1,62.96,Anfield,23,13,74.79,11/4/2012,40,6.43,32,74.07,32.37,11,EPL,Blank,Liverpool,1,,Home,67.63,23,14,62.96,12,5
246,7,6,6,69.33,6.32,27.27,3,"Petr Cech,Branislav Ivanovic,David Luiz,John Terry,Ashley Cole,John Obi Mikel,Frank Lampard,Ramires,Oscar,Eden Hazard,Fernando Torres",2,4,75,16,31,6.33,5,3,10,54.05,11,1,3,54.17,4,16,3,3,2,73.81,"Hugo Lloris,Kyle Walker,Jan Vertonghen,Michael Dawson,Kyle Naughton,Mousa Dembélé,Paulinho,Andros Townsend,Christian Eriksen,Gylfi Sigurdsson,Roberto Soldado",70.61,1,6,31,1,8,91.67,2,4231,6,4,Mike Dean,10,50.04,16,0,José Mourinho,12,3,1,33.33,1,18,23,52.96,Chelsea,15,10,23,2,4231,3,1,7,12,61.29,9,5,Tottenham,Andre Villas-Boas,14,3,12,6.1,1,17,10,1,5,2,45.95,White Hart Lane,11,16,64.57,9/28/2013,44,6.58,29,84.38,49.96,11,EPL,Blank,Chelsea,1,,Away,49.96,11,16,54.05,4,9
272,25,6,20,76.49,6.53,40,16,"Vito Mannone,Carl Jenkinson,Laurent Koscielny,Per Mertesacker,Kieran Gibbs,Abou Diaby,Mikel Arteta,Aaron Ramsey,Santiago Cazorla,Lukas Podolski,Gervinho",1,6,20,12,34,6.23,4,2,7,52.51,10,2,12,93.33,9,15,4,1,4,46.15,"Joe Hart,Pablo Zabaleta,Vincent Kompany,Joleon Lescott,Gaël Clichy,David Silva,Javi García,Yaya Touré,Scott Sinclair,Sergio Agüero,Edin Dzeko",75.68,9,11,34,3,8,63.89,5,4411,16,9,Mike Dean,1,44.77,15,0,Arsene Wenger,25,12,1,58.33,1,16,6,78.57,Arsenal,16,1,6,3,4231,0,9,3,15,65.78,8,4,Man City,Roberto Mancini,8,6,5,6.34,1,50,1,1,5,1,47.49,Etihad Stadium,30,16,69.14,9/23/2012,29,6.53,13,74.32,55.23,11,EPL,Blank,Arsenal,1,,Away,55.23,11,12,52.51,6,8
279,21,1,14,82.36,6.43,50,14,"José Reina,Martin Kelly,Daniel Agger,Martin Skrtel,Glen Johnson,Steven Gerrard,Joe Allen,Raheem Sterling,Jonjo Shelvey,Luis Suárez,Fabio Borini",2,8,66.67,18,28,6.27,6,4,10,60.88,6,2,14,85.71,2,14,3,1,1,62.5,"Simon Mignolet,Craig Gardner,John O'Shea,Carlos Cuéllar,Danny Rose,Sebastian Larsson,Jack Colback,Lee Cattermole,James McClean,Stéphane Sessegnon,Steven Fletcher",82.81,7,13,28,0,13,72.22,5,4411,4,7,Martin Atkinson,3,35.09,14,0,Brendan Rodgers,8,14,1,41.67,1,17,6,84.62,Liverpool,24,1,6,1,4231,1,7,10,7,65.84,8,7,Sunderland,Martin O'Neill,12,1,4,6.17,0,39,3,1,1,1,39.12,Stadium of Light,25,15,68.82,9/15/2012,33,6.43,9,66.67,64.91,23,EPL,Blank,Liverpool,1,,Away,64.91,23,18,60.88,8,8
302,8,10,9,57.72,6.42,42.86,5,"Adam Federici,Chris Gunter,Alex Pearce,Kaspars Gorkss,Ian Harte,Jem Karacan,Garath McCleary,Danny Guthrie,Mikele Leigertwood,Jobi McAnuff,Pavel Pogrebnyak",0,4,66.67,13,40,6.24,4,1,14,32.35,22,3,3,55.56,1,19,6,3,0,80.77,"Petr Cech,Branislav Ivanovic,John Terry,Gary Cahill,Ashley Cole,John Obi Mikel,Frank Lampard,Ramires,Eden Hazard,Juan Mata,Fernando Torres",63.43,3,3,40,2,4,62.5,3,4231,11,3,Lee Mason,5,66.22,19,2,Brian McDermott,20,3,1,60,4,10,12,47.37,Reading,7,0,12,2,4141,0,3,7,27,79.45,6,5,Chelsea,Roberto Di Matteo,14,6,7,6.27,0,16,5,2,9,0,67.65,Stamford Bridge,7,22,78.34,8/22/2012,22,6.48,15,78.57,33.78,7,EPL,Chelsea,Chelsea,3,Home,Home,66.22,27,14,67.65,10,7
334,13,7,11,59.79,6.55,41.67,8,"Petr Cech,César Azpilicueta,David Luiz,Branislav Ivanovic,Ryan Bertrand,Ramires,John Obi Mikel,Oscar,Juan Mata,Eden Hazard,Fernando Torres",0,5,25,9,18,6.11,5,3,11,48.48,18,4,5,85.71,8,9,3,1,2,42.5,"José Reina,Glen Johnson,Daniel Agger,Jamie Carragher,José Enrique,Lucas Leiva,Steven Gerrard,Stewart Downing,Jordan Henderson,Philippe Coutinho,Luis Suárez",66.23,3,5,18,2,6,72.73,4,4231,14,5,Kevin Friend,2,56.14,9,1,Rafael Benitez,25,5,0,37.5,2,12,11,66.67,Chelsea,9,1,11,2,4231,1,3,6,21,75.48,5,5,Liverpool,Brendan Rodgers,13,8,7,6.29,1,23,2,2,5,1,51.52,Anfield,12,13,71.6,4/21/2013,35,6.34,26,75,43.86,11,EPL,Blank,Liverpool,1,,Home,56.14,21,13,51.52,7,6
354,9,9,13,60.3,6.38,63.89,7,"Simon Mignolet,Phil Bardsley,John O'Shea,Matthew Kilgallon,Danny Rose,Alfred N'Diaye,Craig Gardner,Adam Johnson,Stéphane Sessegnon,Sebastian Larsson,Connor Wickham",2,6,50,9,35,6.21,0,2,5,35.06,11,0,12,64.71,8,19,6,2,3,50,"Petr Cech,César Azpilicueta,David Luiz,Branislav Ivanovic,Ryan Bertrand,Ramires,John Obi Mikel,Oscar,Juan Mata,Eden Hazard,Demba Ba",62.31,4,7,35,4,6,50,6,4231,10,2,Neil Swarbrick,7,60.71,19,1,Paolo Di Canio,25,12,0,58.33,2,21,12,66.07,Sunderland,12,1,12,2,4231,1,4,10,16,71.76,6,5,Chelsea,Rafael Benitez,16,3,14,6.22,1,32,7,1,6,3,64.94,Stamford Bridge,19,13,78.19,4/7/2013,35,6.44,23,60.67,39.29,8,EPL,Chelsea,Chelsea,2,Home,Home,60.71,16,16,64.94,9,10
365,25,5,15,74.97,6.59,45.24,17,"José Reina,Glen Johnson,Daniel Agger,Jamie Carragher,José Enrique,Lucas Leiva,Jordan Henderson,Steven Gerrard,Stewart Downing,Luis Suárez,Philippe Coutinho",8,15,66.67,9,25,6.41,7,11,16,54.21,9,4,11,77.78,7,12,3,8,3,75,"Brad Guzan,Matthew Lowton,Ron Vlaar,Nathan Baker,Joe Bennett,Yacouba Sylla,Ashley Westwood,Barry Bannan,Andreas Weimann,Christian Benteke,Gabriel Agbonlahor",79.36,9,6,25,1,17,64.04,12,433,9,8,Lee Mason,2,48.94,12,0,Brendan Rodgers,16,11,1,53.33,1,9,8,73.61,Liverpool,18,6,8,3,433,2,9,6,10,67.25,1,8,Aston Villa,Paul Lambert,9,4,3,6.22,0,38,2,2,4,3,45.79,Villa Park,24,39,61.46,3/31/2013,29,6.66,11,71.51,51.06,23,EPL,Liverpool,Liverpool,2,Away,Away,51.06,23,9,54.21,15,1
416,13,12,6,75.54,6.33,52.94,9,"David de Gea,Chris Smalling,Nemanja Vidic,Rio Ferdinand,Patrice Evra,Shinji Kagawa,Darren Fletcher,Adnan Januzaj,Juan Mata,Danny Welbeck,Robin van Persie",1,4,62.5,16,16,6.34,2,1,4,35.24,11,0,9,64.29,6,6,4,0,3,31.25,"Artur Boruc,Nathaniel Clyne,Dejan Lovren,Jose Fonte,Luke Shaw,Morgan Schneiderlin,Victor Wanyama,Jack Cork,Steven Davis,Rickie Lambert,Adam Lallana",73.22,4,3,16,3,6,68.18,2,433,3,4,Mike Dean,3,56.52,6,0,Ryan Giggs,8,9,1,44.44,1,8,3,86.11,Man Utd,12,6,3,5,4231,2,4,4,15,69.37,5,2,Southampton,Mauricio Pochettino,5,6,5,6.12,0,23,3,1,11,0,64.76,St. Mary's Stadium,17,11,73.48,5/11/2014,21,6.48,9,59.52,43.48,9,EPL,Blank,Man Utd,1,,Away,43.48,9,16,35.24,4,5
429,8,9,8,42.09,6.62,75,2,"Maarten Stekelenburg,Sascha Riether,John Heitinga,Dan Burn,John Arne Riise,Ryan Tunnicliffe,William Kvist,Steve Sidwell,Kieran Richardson,Lewis Holtby,Muamer Tankovic",0,2,66.67,3,31,6.09,3,1,7,26.86,22,1,4,71.43,10,16,9,0,6,63.64,"David de Gea,Rafael,Nemanja Vidic,Chris Smalling,Patrice Evra,Michael Carrick,Darren Fletcher,Juan Mata,Wayne Rooney,Ashley Young,Robin van Persie",43.1,1,5,31,2,5,91.67,2,4231,5,6,Kevin Friend,2,74.71,16,1,Rene Meulensteen,9,4,0,50,2,8,7,65,Fulham,13,0,7,4,4411,0,1,3,31,91.52,2,1,Man Utd,David Moyes,6,9,3,6.39,3,14,2,2,5,5,73.14,Old Trafford,6,10,92.27,2/9/2014,24,6.34,11,71.67,25.29,6,EPL,Blank,Man Utd,1,,Home,74.71,31,6,73.14,9,3
432,21,8,15,68.95,6.44,45.65,13,"Wojciech Szczesny,Bacary Sagna,Laurent Koscielny,Per Mertesacker,Nacho Monreal,Mathieu Flamini,Mikel Arteta,Serge Gnabry,Mesut Özil,Santiago Cazorla,Olivier Giroud",0,1,75,11,26,6.46,4,1,11,49.5,12,1,12,53.85,7,13,5,1,4,55,"Artur Boruc,Calum Chambers,Maya Yoshida,Jose Fonte,Luke Shaw,Morgan Schneiderlin,Jack Cork,Jay Rodriguez,Steven Davis,Adam Lallana,Sam Gallagher",72.03,6,6,26,3,5,74.51,1,4231,7,8,Lee Mason,7,49.62,13,0,Arsène Wenger,17,12,1,45.83,2,15,14,60.71,Arsenal,9,2,14,2,4231,1,6,2,13,77.59,6,5,Southampton,Mauricio Pochettino,4,5,9,6.15,1,41,7,2,7,2,50.5,St. Mary's Stadium,26,21,79.97,1/28/2014,32,6.76,23,72.55,50.38,7,EPL,Blank,Arsenal,1,,Away,50.38,7,11,49.5,1,6
460,15,5,9,55.71,6.55,38.89,10,"Brad Guzan,Leandro Bacuna,Ciaran Clark,Ron Vlaar,Ryan Bertrand,Karim El Ahmadi,Fabian Delph,Ashley Westwood,Andreas Weimann,Christian Benteke,Gabriel Agbonlahor",3,9,46.67,14,42,5.99,3,3,3,47.73,10,3,4,74.07,2,18,1,2,2,37.25,"Simon Mignolet,Glen Johnson,Martin Skrtel,Kolo Touré,Aly Cissokho,Raheem Sterling,Steven Gerrard,Jordan Henderson,Philippe Coutinho,Luis Suárez,Daniel Sturridge",61.21,4,4,42,1,9,70.83,6,442,3,5,Jonathan Moss,3,51.5,18,2,Paul Lambert,3,4,1,43.75,2,11,9,73.55,Aston Villa,8,1,9,1,433,1,4,7,14,73.97,6,3,Liverpool,Brendan Rodgers,18,6,7,6.43,2,20,3,2,5,3,52.27,Anfield,11,6,67,1/18/2014,29,6.28,21,79.41,48.5,12,EPL,Blank,Liverpool,1,,Home,51.5,14,18,52.27,5,7
560,16,6,28,63.76,6.46,62.5,6,"Artur Boruc,Nathaniel Clyne,Dejan Lovren,Jose Fonte,Luke Shaw,Morgan Schneiderlin,Victor Wanyama,James Ward-Prowse,Adam Lallana,Jay Rodriguez,Pablo Daniel Osvaldo",2,5,60,15,40,6.01,1,4,2,50.77,13,1,11,76.92,8,22,2,2,2,42.5,"Petr Cech,Branislav Ivanovic,John Terry,Gary Cahill,César Azpilicueta,Ramires,Michael Essien,Juan Mata,Oscar,Eden Hazard,Fernando Torres",60.28,4,9,40,0,3,76.92,1,4231,10,10,Michael Oliver,4,51.64,22,1,Mauricio Pochettino,16,11,0,60,3,15,13,72.85,Southampton,14,1,13,3,4231,1,4,10,16,65.94,7,4,Chelsea,José Mourinho,14,7,6,6.37,3,45,4,1,5,7,49.23,Stamford Bridge,17,7,63.93,12/1/2013,42,6.42,28,77.94,48.36,9,EPL,Chelsea,Chelsea,3,Home,Home,51.64,16,14,49.23,6,10
596,14,10,9,53.81,6.62,77.78,7,"Asmir Begovic,Geoff Cameron,Robert Huth,Ryan Shawcross,Erik Pieters,Steven N'Zonzi,Wilson Palacios,Jonathan Walters,Stephen Ireland,Marko Arnautovic,Peter Crouch",3,10,70.83,8,26,6.07,5,3,7,34.16,14,5,7,53.33,12,12,6,1,5,57.5,"David de Gea,Chris Smalling,Phil Jones,Jonny Evans,Patrice Evra,Tom Cleverley,Michael Carrick,Nani,Wayne Rooney,Shinji Kagawa,Robin van Persie",60.94,5,6,26,1,5,66.67,5,4231,8,7,Lee Mason,9,67.2,12,2,Mark Hughes,18,7,1,71.43,3,19,12,60,Stoke,8,0,12,3,4231,0,5,4,19,84.93,3,2,Man Utd,David Moyes,18,5,13,6.45,2,18,9,2,7,2,65.84,Old Trafford,9,16,87.54,10/26/2013,30,6.31,22,62.5,32.8,10,EPL,Man Utd,Man Utd,2,Home,Home,67.2,19,18,65.84,10,4
623,22,5,13,76.84,6.51,67.42,12,"David de Gea,Rafael,Nemanja Vidic,Phil Jones,Patrice Evra,Tom Cleverley,Michael Carrick,Nani,Wayne Rooney,Adnan Januzaj,Robin van Persie",2,7,85.71,15,32,6.4,6,2,7,66.15,3,2,16,63.33,4,14,3,4,1,76.92,"Keiren Westwood,Ondrej Celustka,Valentin Roberge,John O'Shea,Jack Colback,Craig Gardner,Lee Cattermole,Ki Sung-yueng,Emanuele Giaccherini,Jozy Altidore,Adam Johnson",78.01,9,10,32,2,11,56.48,6,433,7,10,Chris Foy,7,39.03,14,0,David Moyes,15,16,1,83.33,1,18,11,66.07,Man Utd,17,3,11,2,4231,1,9,7,6,57.12,5,4,Sunderland,Kevin Ball,13,2,8,6.1,1,38,7,2,3,1,33.85,Stadium of Light,25,11,48.81,10/5/2013,31,6.49,14,56.57,60.97,13,EPL,Man Utd,Man Utd,2,Away,Away,60.97,13,15,66.15,7,5
628,13,4,10,76.18,6.47,65,8,"Wojciech Szczesny,Carl Jenkinson,Laurent Koscielny,Per Mertesacker,Kieran Gibbs,Mathieu Flamini,Mikel Arteta,Aaron Ramsey,Mesut Özil,Jack Wilshere,Olivier Giroud",1,6,62.5,6,31,6.16,5,3,10,55.27,12,2,8,61.54,6,9,2,2,4,65,"Boaz Myhill,Billy Jones,Jonas Olsson,Gareth McAuley,Liam Ridgewell,Claudio Yacob,Youssouf Mulumbu,Morgan Amalfitano,Stéphane Sessegnon,Saido Berahino,Nicolas Anelka",80.52,5,7,31,1,11,61.67,5,4231,8,5,Lee Mason,5,45.24,9,0,Arsène Wenger,11,8,1,66.67,1,15,15,59.2,Arsenal,15,2,15,2,4231,0,5,4,12,70.99,4,2,West Brom,Steve Clarke,11,4,8,6.24,3,23,5,1,4,4,44.73,The Hawthorns,13,18,73.16,10/6/2013,37,6.49,22,64.81,54.76,14,EPL,Blank,Arsenal,1,,Away,54.76,14,6,55.27,6,4
629,7,6,6,69.33,6.32,27.27,3,"Petr Cech,Branislav Ivanovic,David Luiz,John Terry,Ashley Cole,John Obi Mikel,Frank Lampard,Ramires,Oscar,Eden Hazard,Fernando Torres",2,4,75,16,31,6.33,5,3,10,54.05,11,1,3,54.17,4,16,3,3,2,73.81,"Hugo Lloris,Kyle Walker,Jan Vertonghen,Michael Dawson,Kyle Naughton,Mousa Dembélé,Paulinho,Andros Townsend,Christian Eriksen,Gylfi Sigurdsson,Roberto Soldado",70.61,1,6,31,1,8,91.67,2,4231,6,4,Mike Dean,10,50.04,16,0,José Mourinho,12,3,1,33.33,1,18,23,52.96,Chelsea,15,10,23,2,4231,3,1,7,12,61.29,9,5,Tottenham,Andre Villas-Boas,14,3,12,6.1,1,17,10,1,5,2,45.95,White Hart Lane,11,16,64.57,9/28/2013,44,6.58,29,84.38,49.96,11,EPL,Blank,Chelsea,1,,Away,49.96,11,16,54.05,4,9
706,12,6,10,82.65,6.32,65.22,6,"Mark Schwarzer,César Azpilicueta,Tomas Kalas,Branislav Ivanovic,Ashley Cole,John Obi Mikel,Nemanja Matic,Mohamed Salah,Oscar,Eden Hazard,Fernando Torres",3,10,55.56,7,19,6.29,7,8,5,57.96,8,2,18,67.95,3,11,3,4,0,64.71,"David Marshall,Fabio,Ben Turner,Steven Caulker,Declan John,Mats Möller Daehli,Aron Gunnarsson,Peter Whittingham,Jordon Mutch,Craig Bellamy,Fraizer Campbell",83.29,2,8,19,2,22,77.78,9,451,2,6,Michael Oliver,8,40.62,11,0,José Mourinho,5,18,1,33.33,1,20,15,62.35,Chelsea,15,2,15,1,4231,0,2,6,10,64.54,3,8,Cardiff,Ole Gunnar Solskjaer,9,3,12,6.03,0,38,8,2,6,1,42.04,Cardiff City Stadium,28,8,63.72,5/11/2014,36,6.45,21,47.62,59.38,28,EPL,Chelsea,Chelsea,2,Away,Away,59.38,28,7,57.96,10,3
724,5,9,14,64.1,6.58,50,1,"Michel Vorm,Angel Rangel,Chico Flores,Ashley Williams,Neil Taylor,Jonathan de Guzmán,Leon Britton,Jonjo Shelvey,Wayne Routledge,Michu,Wilfried Bony",1,2,18.75,11,39,6.08,2,1,4,38.14,10,1,2,86.36,7,16,4,0,7,36.11,"Wojciech Szczesny,Bacary Sagna,Thomas Vermaelen,Per Mertesacker,Kieran Gibbs,Mathieu Flamini,Mikel Arteta,Alex Oxlade-Chamberlain,Tomas Rosicky,Santiago Cazorla,Olivier Giroud",62.19,1,3,39,3,7,80,2,4231,8,4,Lee Probert,2,59.85,16,1,Garry Monk,19,2,0,100,2,12,7,75,Swansea,8,3,7,2,4411,2,1,7,13,81.87,6,0,Arsenal,Arsène Wenger,12,4,9,6.4,0,18,2,2,6,0,61.86,Emirates Stadium,4,17,85.33,3/25/2014,28,6.36,20,84.62,40.15,8,EPL,Blank,Arsenal,1,,Home,59.85,13,12,61.86,9,7
736,10,1,8,65.11,6.48,42.86,4,"Joe Hart,Pablo Zabaleta,Martín Demichelis,Vincent Kompany,Gaël Clichy,Fernandinho,Yaya Touré,Jesús Navas,David Silva,Samir Nasri,Edin Dzeko",1,7,31.25,8,51,6.12,4,3,8,52.68,8,3,3,75,6,19,1,2,2,36.84,"Wojciech Szczesny,Bacary Sagna,Thomas Vermaelen,Per Mertesacker,Kieran Gibbs,Mathieu Flamini,Mikel Arteta,Santiago Cazorla,Tomas Rosicky,Lukas Podolski,Olivier Giroud",71.06,1,3,51,0,9,88.89,4,4231,11,6,Mike Dean,3,49.6,19,1,Manuel Pellegrini,17,3,0,25,1,12,8,75,Man City,8,0,8,0,4231,0,1,3,9,72.22,2,6,Arsenal,Arsène Wenger,11,3,9,6.31,2,15,3,1,1,2,47.32,Emirates Stadium,7,11,72.32,3/29/2014,29,6.39,21,78.57,50.4,15,EPL,Blank,Arsenal,1,,Home,49.6,9,11,47.32,1,3
739,8,5,8,62.52,6.37,53.85,6,"Tim Krul,Mathieu Debuchy,Fabricio Coloccini,Mike Williamson,Steven Taylor,Massadio Haidara,Moussa Sissoko,Vurnon Anita,Cheick Tioté,Yoan Gouffran,Shola Ameobi",2,7,33.33,8,23,6.07,2,3,5,40.56,11,2,9,81.82,6,13,5,1,2,53.12,"Simon Mignolet,Glen Johnson,Daniel Agger,Martin Skrtel,Jon Flanagan,Steven Gerrard,Jordan Henderson,Joe Allen,Raheem Sterling,Luis Suárez,Daniel Sturridge",65.68,2,5,23,2,5,75,4,41212,5,2,Phil Dowd,2,61.93,13,1,Alan Pardew,16,9,0,30,2,11,10,69.23,Newcastle,11,2,10,2,541,2,2,9,13,79.17,2,2,Liverpool,Brendan Rodgers,16,5,6,6.29,1,24,2,1,4,3,59.44,Anfield,16,11,72.2,5/11/2014,29,6.38,18,63.89,38.07,8,EPL,Liverpool,Liverpool,2,Home,Home,61.93,13,16,59.44,5,9
890,8,2,4,82.2,6.35,52.08,7,"David de Gea,Phil Jones,Michael Carrick,Jonny Evans,Antonio Valencia,Wayne Rooney,Darren Fletcher,Ashley Young,Juan Mata,Falcao,Robin van Persie",1,5,75,9,20,6.28,9,4,8,60.82,7,2,6,64.29,3,7,4,2,0,60,"Brad Guzan,Matthew Lowton,Jores Okore,Ciaran Clark,Ron Vlaar,Aly Cissokho,Andreas Weimann,Carlos Sánchez,Fabian Delph,Christian Benteke,Gabriel Agbonlahor",82.66,4,4,20,1,15,46.67,4,532,5,1,Lee Mason,3,36.52,7,0,Louis Van Gaal,14,6,1,53.33,1,8,6,60.71,Man Utd,5,2,6,1,3412,1,4,3,10,70.48,3,9,Aston Villa,Paul Lambert,10,4,4,6.11,0,15,3,1,1,2,39.18,Villa Park,11,17,75.9,12/20/2014,16,6.45,11,63.33,63.48,16,EPL,Blank,Man Utd,1,,Away,63.48,16,9,60.82,5,3
896,21,8,21,67.38,6.27,50,10,"David Ospina,Héctor Bellerín,Laurent Koscielny,Per Mertesacker,Nacho Monreal,Francis Coquelin,Santiago Cazorla,Aaron Ramsey,Mesut Özil,Alexis Sánchez,Olivier Giroud",0,0,58.33,16,30,6.37,3,0,14,38.97,10,0,18,69.7,5,14,5,0,3,65,"David de Gea,Antonio Valencia,Chris Smalling,Phil Jones,Marcos Rojo,Daley Blind,Juan Mata,Marouane Fellaini,Ander Herrera,Ashley Young,Falcao",63.07,4,6,30,4,5,79.41,0,4141,6,11,Mike Dean,5,54.66,14,0,Arsène Wenger,21,18,1,38.89,1,14,8,70.83,Arsenal,13,2,8,2,4231,1,4,5,12,74.87,6,5,Man Utd,Louis van Gaal,8,4,8,6.11,2,55,5,1,7,8,61.03,Old Trafford,34,24,79.04,5/17/2015,25,6.67,12,70.24,45.34,5,EPL,Blank,Arsenal,1,,Away,45.34,5,16,38.97,0,6
975,10,5,9,75.21,6.35,60,5,"David de Gea,Rafael,Marcos Rojo,Phil Jones,Luke Shaw,Daley Blind,Adnan Januzaj,Juan Mata,Ander Herrera,Ángel Di María,Robin van Persie",1,5,50,6,17,6.43,7,7,8,60.56,7,3,7,72.73,0,6,2,4,0,36.36,"Boaz Myhill,Andre Wisdom,Craig Dawson,Joleon Lescott,Sébastien Pocognoli,Craig Gardner,James Morrison,Graham Dorrans,Stéphane Sessegnon,Chris Brunt,Saido Berahino",74.79,5,6,17,1,14,55.56,4,4231,7,5,Mike Dean,3,37.4,6,0,Louis Van Gaal,14,7,1,100,2,12,4,81.82,Man Utd,12,1,4,1,4141,0,5,4,8,60.72,2,11,West Brom,Alan Irvine,8,2,6,6.08,0,20,3,2,4,0,39.44,The Hawthorns,11,17,66.94,10/20/2014,23,6.62,11,66.67,62.6,22,EPL,Blank,Man Utd,1,,Away,62.6,22,6,60.56,5,2
1030,14,6,16,70.42,6.52,62.5,8,"Petr Cech,Branislav Ivanovic,John Terry,Gary Cahill,César Azpilicueta,Nemanja Matic,Cesc Fàbregas,Ramires,Willian,Eden Hazard,Didier Drogba",1,3,100,10,49,6.22,4,2,13,60.49,7,0,14,50,2,27,2,3,1,55.56,"Kasper Schmeichel,Marc Albrighton,Robert Huth,Wes Morgan,Marcin Wasilewski,Paul Konchesky,Esteban Cambiasso,Daniel Drinkwater,Andy King,Leonardo Ulloa,Jamie Vardy",75.23,2,1,49,1,10,85,3,532,10,6,Mark Clattenburg,1,38.26,27,0,José Mourinho,18,14,1,21.43,1,2,3,79.17,Chelsea,6,3,3,1,4231,2,2,0,8,56.16,5,6,Leicester,Nigel Pearson,1,2,1,6.19,3,37,1,3,6,4,39.51,King Power Stadium,21,24,59.65,4/29/2015,11,6.42,5,66.03,61.74,11,EPL,Chelsea,Chelsea,3,Away,Away,61.74,11,10,60.49,3,5
1032,17,8,24,68.79,6.54,63.89,7,"Joe Hart,Pablo Zabaleta,Martín Demichelis,Vincent Kompany,Gaël Clichy,Fernandinho,Frank Lampard,Jesús Navas,David Silva,James Milner,Sergio Agüero",1,5,48.08,11,28,6.28,8,2,9,49.68,10,3,13,71.49,0,14,0,1,0,45.75,"Wojciech Szczesny,Mathieu Debuchy,Laurent Koscielny,Per Mertesacker,Nacho Monreal,Mathieu Flamini,Alexis Sánchez,Jack Wilshere,Aaron Ramsey,Mesut Özil,Danny Welbeck",65.27,5,9,28,0,13,70,4,4141,6,10,Mark Clattenburg,11,46.71,14,1,Manuel Pellegrini,16,13,0,71.43,2,29,23,67.88,Man City,15,2,23,2,4231,1,5,9,15,69.19,4,3,Arsenal,Arsène Wenger,15,6,20,6.27,0,44,11,2,4,2,50.32,Emirates Stadium,20,26,70.06,9/13/2014,60,6.65,45,70.27,53.29,15,EPL,Blank,Arsenal,1,,Home,46.71,15,15,50.32,8,9
1059,11,6,5,75.37,6.17,31.67,9,"Wojciech Szczesny,Mathieu Debuchy,Per Mertesacker,Calum Chambers,Nacho Monreal,Mathieu Flamini,Alex Oxlade-Chamberlain,Jack Wilshere,Aaron Ramsey,Mesut Özil,Alexis Sánchez",0,5,14.29,10,20,6.24,3,1,9,46.99,6,0,7,90.91,3,9,2,0,1,30.77,"Tim Howard,Seamus Coleman,Sylvain Distin,Phil Jagielka,Leighton Baines,James McCarthy,Gareth Barry,Kevin Mirallas,Steven Naismith,Steven Pienaar,Romelu Lukaku",76.28,3,4,20,1,10,77.78,3,4231,5,2,Kevin Friend,2,46.3,9,0,Arsène Wenger,19,7,2,28.57,2,12,7,78.95,Arsenal,6,0,7,2,4141,0,3,8,8,63.77,3,3,Everton,Roberto Martinez,18,2,8,6.09,0,26,2,2,4,2,53.01,Goodison Park,21,13,76.91,8/23/2014,22,6.56,16,76.25,53.7,13,EPL,Blank,Arsenal,2,,Away,53.7,13,10,46.99,5,3
1194,22,10,10,75.33,6.38,26.81,15,"Asmir Begovic,Branislav Ivanovic,Kurt Zouma,Gary Cahill,César Azpilicueta,Nemanja Matic,Cesc Fàbregas,Pedro,Oscar,Eden Hazard,Loïc Remy",1,7,35,12,37,6.3,4,4,10,53.89,10,1,10,76.67,4,22,3,3,0,31.25,"Tim Krul,Daryl Janmaat,Fabricio Coloccini,Chancel Mbemba,Kevin Mbabu,Moussa Sissoko,Vurnon Anita,Jack Colback,Georginio Wijnaldum,Aleksandar Mitrovic,Ayoze Pérez",65.34,4,5,37,3,11,83.08,4,442,9,7,Martin Atkinson,6,38.76,22,0,José Mourinho,13,10,1,22.73,2,19,11,75.81,Chelsea,7,3,11,4,4231,1,4,7,11,56.4,5,6,Newcastle,Steve McClaren,15,5,14,6.24,0,40,6,2,9,1,46.11,St. James' Park,30,20,72.53,9/26/2015,38,6.72,31,79.05,61.24,16,EPL,Blank,Chelsea,1,,Away,61.24,16,12,53.89,7,5
1197,14,6,21,70.29,6.61,62.5,5,"Hugo Lloris,Kyle Walker,Toby Alderweireld,Jan Vertonghen,Danny Rose,Mousa Dembélé,Eric Dier,Son Heung-Min,Christian Eriksen,Erik Lamela,Harry Kane",4,10,50,9,33,6.15,5,6,5,49.54,11,2,6,77.27,7,10,3,1,4,42.11,"Asmir Begovic,Branislav Ivanovic,John Terry,Gary Cahill,César Azpilicueta,John Obi Mikel,Nemanja Matic,Willian,Cesc Fàbregas,Pedro,Diego Costa",79.13,4,6,33,1,12,72.73,8,4231,10,9,Mark Clattenburg,3,49.1,10,2,Mauricio Pochettino,17,6,0,75,2,12,11,74.14,Tottenham,12,0,11,1,4231,0,4,10,13,66.78,3,8,Chelsea,Guus Hiddink,20,5,6,6.27,2,30,3,2,5,3,50.46,Stamford Bridge,9,13,69.78,5/2/2016,34,6.31,22,80,50.9,16,EPL,Blank,Chelsea,2,,Home,49.1,13,20,50.46,6,10
1262,23,1,19,67.6,6.56,51.39,13,"Hugo Lloris,Kyle Walker,Toby Alderweireld,Jan Vertonghen,Danny Rose,Eric Dier,Dele Alli,Erik Lamela,Mousa Dembélé,Christian Eriksen,Harry Kane",1,6,50,12,28,6.15,4,3,12,44.02,10,2,16,83.33,7,6,1,1,2,40,"Petr Cech,Mathieu Debuchy,Laurent Koscielny,Per Mertesacker,Nacho Monreal,Francis Coquelin,Santiago Cazorla,Joel Campbell,Mesut Özil,Alexis Sánchez,Olivier Giroud",74.24,5,9,28,0,10,83.33,4,4231,6,10,Martin Atkinson,2,56.07,6,1,Mauricio Pochettino,14,16,0,38.33,1,13,5,84.72,Tottenham,16,3,5,1,4231,0,5,6,10,65.69,5,6,Arsenal,Arsène Wenger,17,4,4,6.26,0,51,2,1,1,1,55.98,Emirates Stadium,32,13,68.93,11/8/2015,27,6.37,11,71.62,43.93,14,EPL,Blank,Arsenal,1,,Home,56.07,10,17,55.98,1,6
1348,14,5,5,78.03,6.34,55,11,"Thibaut Courtois,César Azpilicueta,Branislav Ivanovic,Gary Cahill,Baba Rahman,John Obi Mikel,Cesc Fàbregas,Eden Hazard,Willian,Pedro,Diego Costa",1,5,33.33,10,30,6.22,4,3,12,55.41,6,1,15,87.5,7,20,2,5,6,44.44,"Fraser Forster,Cédric Soares,Virgil van Dijk,Jose Fonte,Ryan Bertrand,Jordy Clasie,Oriol Romeu,Shane Long,Steven Davis,Matt Targett,Charlie Austin",73.97,7,5,30,2,14,58.33,5,4231,3,3,Martin Atkinson,1,39.58,20,0,Guus Hiddink,7,15,1,55.56,1,8,4,76.47,Chelsea,8,2,4,1,4231,0,7,6,7,67.91,2,8,Southampton,Ronald Koeman,11,2,3,6.19,1,29,1,2,4,5,44.59,St. Mary's Stadium,24,18,66.15,2/27/2016,17,6.43,9,56,60.42,16,EPL,Chelsea,Chelsea,2,Away,Away,60.42,16,10,55.41,5,2
1355,16,4,6,43.7,6.54,45.56,12,"Kasper Schmeichel,Danny Simpson,Robert Huth,Wes Morgan,Christian Fuchs,Riyad Mahrez,N'Golo Kanté,Daniel Drinkwater,Marc Albrighton,Shinji Okazaki,Jamie Vardy",0,5,42.86,9,47,6.27,3,0,8,34.57,19,3,9,78.03,11,23,6,1,6,50,"Petr Cech,Héctor Bellerín,Laurent Koscielny,Per Mertesacker,Nacho Monreal,Francis Coquelin,Aaron Ramsey,Alex Oxlade-Chamberlain,Mesut Özil,Alexis Sánchez,Olivier Giroud",51.74,4,14,47,2,6,77.5,4,4231,12,4,Martin Atkinson,6,70.29,23,1,Claudio Ranieri,26,9,0,29.17,2,28,16,68.25,Leicester,21,2,16,0,442,2,4,2,24,83.56,6,1,Arsenal,Arsène Wenger,10,6,14,6.25,4,26,6,1,4,5,65.43,Emirates Stadium,20,15,76.87,2/14/2016,53,6.5,32,64.47,29.71,7,EPL,Arsenal,Arsenal,2,Home,Home,70.29,24,10,65.43,4,2
1389,18,3,16,61.22,6.52,66.67,7,"Simon Mignolet,Nathaniel Clyne,Mamadou Sakho,Kolo Touré,Alberto Moreno,Lucas Leiva,Emre Can,Jordan Henderson,James Milner,Roberto Firmino,Jordon Ibe",2,5,77.08,10,59,6.23,7,4,4,44.52,5,1,10,57.58,3,25,1,1,3,61.76,"Declan Rudd,Ivo Pinto,Sebastien Bassong,Russell Martin,Robbie Brady,Nathan Redmond,Jonny Howson,Graham Dorrans,Wes Hoolahan,Steven Naismith,Dieumerci Mbokani",63.72,6,6,59,1,9,75,4,4411,9,11,Lee Mason,8,51.79,25,1,Jürgen Klopp,13,10,2,80,4,17,13,63.04,Liverpool,13,4,13,2,433,1,6,6,6,62.86,6,3,Norwich,Alex Neil,14,5,11,6.29,1,30,8,5,3,1,55.48,Carrow Road,14,14,71.19,1/23/2016,35,6.51,22,71.15,48.21,13,EPL,Liverpool,Liverpool,2,Away,Away,48.21,13,10,44.52,5,6
1468,20,14,12,70.65,6.7,59.88,14,"Asmir Begovic,César Azpilicueta,John Obi Mikel,Gary Cahill,Baba Rahman,Nemanja Matic,Cesc Fàbregas,Willian,Eden Hazard,Pedro,Bertrand Traore",2,8,87.5,11,17,6.23,7,3,7,48.46,19,3,20,53.85,7,8,9,1,3,63.16,"Simon Mignolet,Nathaniel Clyne,Dejan Lovren,Kolo Touré,Alberto Moreno,Adam Lallana,Emre Can,James Milner,Philippe Coutinho,Roberto Firmino,Daniel Sturridge",78.13,9,7,17,4,12,52.22,7,4411,6,6,Michael Oliver,8,55.99,8,1,Guus Hiddink,10,20,0,63.89,1,16,13,65,Chelsea,16,2,13,4,4231,1,9,4,28,75.86,7,3,Liverpool,Jürgen Klopp,12,9,9,6.35,1,45,8,1,11,1,51.54,Anfield,33,17,73.19,5/11/2016,36,6.43,20,56.67,44.01,13,EPL,Blank,Liverpool,1,,Home,55.99,28,12,51.54,14,4
1529,17,4,15,68.25,6.69,57.78,10,"Willy Caballero,Jesús Navas,Nicolás Otamendi,John Stones,Gaël Clichy,Kevin De Bruyne,Fernandinho,Raheem Sterling,David Silva,Leroy Sané,Sergio Agüero",1,6,33.33,8,29,6.04,5,3,7,0.48,7,3,14,70,3,10,,2,2,58.33,"David Ospina,Héctor Bellerín,Laurent Koscielny,Shkodran Mustafi,Nacho Monreal,Francis Coquelin,Granit Xhaka,Theo Walcott,Mesut Özil,Alexis Sánchez,Danny Welbeck",63.35,6,4,29,,11,67.31,4,4231,12,7,Andre Marriner,3,0.44,10,2,Josep Guardiola,22,14,1,61.9,2,14,14,66.05,Man City,16,6,14,2,4231,3,6,10,8,67.44,4,8,Arsenal,Arsène Wenger,15,3,10,6.46,3,38,3,2,3,5,0.52,Emirates Stadium,23,20,67.74,4/2/2017,39,6.35,23,69.35,0.56,14,EPL,Blank,Arsenal,1,,Home,0.44,8,15,0.52,4,10
1540,6,6,7,73.55,6.08,59.09,2,"Petr Cech,Héctor Bellerín,Laurent Koscielny,Shkodran Mustafi,Nacho Monreal,Francis Coquelin,Granit Xhaka,Alex Iwobi,Aaron Ramsey,Alexis Sánchez,Olivier Giroud",1,3,62.5,10,33,6.47,4,5,6,0.56,9,0,7,61.11,4,16,2,2,2,68.42,"Artur Boruc,Simon Francis,Nathan Aké,Steve Cook,Charlie Daniels,Harry Arter,Dan Gosling,Junior Stanislas,Joshua King,Ryan Fraser,Callum Wilson",70.68,1,6,33,0,13,83.33,3,4231,5,4,Michael Oliver,6,0.4,16,0,Arsène Wenger,12,7,2,50,3,14,15,55.13,Arsenal,11,3,15,3,4231,2,1,4,13,62.91,6,7,Bournemouth,Eddie Howe,12,6,9,5.9,1,19,6,3,5,2,0.44,Vitality Stadium,12,12,65.47,1/3/2017,32,6.74,22,63.89,0.6,14,EPL,Blank,Arsenal,2,,Away,0.6,14,10,0.56,3,6
1675,10,1,13,60.81,6.47,83.33,4,"Thibaut Courtois,David Luiz,César Azpilicueta,Gary Cahill,Victor Moses,N'Golo Kanté,Nemanja Matic,Marcos Alonso,Willian,Diego Costa,Eden Hazard",1,3,50,13,50,6.05,2,2,4,0.34,5,1,10,90,3,21,2,2,3,40,"Simon Mignolet,Nathaniel Clyne,Joel Matip,Dejan Lovren,James Milner,Emre Can,Georginio Wijnaldum,Jordan Henderson,Adam Lallana,Roberto Firmino,Philippe Coutinho",58.35,3,4,50,0,4,77.78,1,433,8,6,Mark Clattenburg,1,0.62,21,1,Antonio Conte,18,10,0,66.67,1,6,4,88.1,Chelsea,16,3,4,1,343,2,3,1,7,69.28,4,3,Liverpool,Jürgen Klopp,8,3,2,6.26,4,25,1,1,1,5,0.66,Anfield,12,13,69.21,1/31/2017,27,6.2,11,65.91,0.38,8,EPL,Blank,Liverpool,1,,Home,0.62,7,8,0.66,1,1
1690,7,8,6,50.78,6.41,50,4,"Darren Randolph,Håvard Nordtveit,Angelo Ogbonna,Winston Reid,Aaron Cresswell,Pedro Obiang,André Ayew,Manuel Lanzini,Mark Noble,Dimitri Payet,Michail Antonio",0,5,66.67,7,41,6.31,3,1,7,0.37,15,3,4,60,11,18,9,4,3,68.75,"Loris Karius,Nathaniel Clyne,Joel Matip,Dejan Lovren,James Milner,Georginio Wijnaldum,Adam Lallana,Jordan Henderson,Sadio Mané,Divock Origi,Roberto Firmino",50.66,2,2,41,4,4,75,2,433,12,3,Mark Clattenburg,3,0.67,18,2,Slaven Bilic,22,4,1,50,2,6,7,65.62,West Ham,8,2,7,1,4141,1,2,4,19,77.94,2,4,Liverpool,Jürgen Klopp,8,3,4,6.17,3,14,3,2,7,5,0.63,Anfield,8,11,72.12,12/11/2016,18,6.44,10,73.08,0.33,8,EPL,Blank,Liverpool,1,,Home,0.67,19,8,0.63,8,4
1694,11,4,8,66.24,6.49,79.41,8,"Thibaut Courtois,David Luiz,César Azpilicueta,Gary Cahill,Victor Moses,N'Golo Kanté,Cesc Fàbregas,Marcos Alonso,Pedro,Diego Costa,Eden Hazard",1,4,62.5,14,19,6.15,4,1,14,0.43,12,0,16,71.43,9,8,2,2,4,70.83,"Claudio Bravo,Nicolás Otamendi,Aleksandar Kolarov,John Stones,Jesús Navas,Fernandinho,Ilkay Gündogan,Leroy Sané,Kevin De Bruyne,David Silva,Sergio Agüero",64.69,6,5,19,1,9,50,3,3421,9,3,Anthony Taylor,3,0.61,8,0,Antonio Conte,17,16,1,71.43,1,10,9,65.22,Chelsea,13,1,9,1,343,1,6,6,14,78.21,6,2,Man City,Josep Guardiola,9,5,5,6.19,2,28,3,3,4,2,0.57,Etihad Stadium,20,21,73.56,12/3/2016,27,6.33,14,46,0.39,10,EPL,Chelsea,Chelsea,3,Away,Away,0.39,10,14,0.43,4,6
1715,11,5,16,60.4,6.58,40,7,"Joel Robles,Mason Holgate,Phil Jagielka,Ashley Williams,Leighton Baines,Idrissa Gueye,Gareth Barry,Ross Barkley,Tom Davies,Kevin Mirallas,Romelu Lukaku",3,6,64.29,10,20,6.2,4,5,12,0.42,11,2,5,42.86,6,10,7,2,3,53.51,"David de Gea,Ashley Young,Marcos Rojo,Eric Bailly,Daley Blind,Marouane Fellaini,Ander Herrera,Michael Carrick,Jesse Lingard,Zlatan Ibrahimovic,Marcus Rashford",69.86,3,2,20,1,9,77.78,5,433,9,4,Neil Swarbrick,5,0.62,10,1,Ronald Koeman,14,5,0,41.67,1,11,12,61.81,Everton,8,3,12,2,4231,2,3,9,18,80.56,5,5,Man Utd,José Mourinho,18,3,9,6.28,2,28,5,1,2,3,0.58,Old Trafford,12,18,82.81,4/4/2017,31,6.4,23,85.42,0.38,11,EPL,Blank,Man Utd,1,,Home,0.62,18,18,0.58,5,9
1718,9,4,17,62.09,6.55,33.33,4,"Simon Mignolet,Trent Alexander-Arnold,Dejan Lovren,Ragnar Klavan,James Milner,Emre Can,Georginio Wijnaldum,Jordan Henderson,Roberto Firmino,Divock Origi,Adam Lallana",3,5,59.52,17,45,6.11,4,7,8,0.47,6,1,4,72.22,5,19,1,5,3,60.61,"David de Gea,Antonio Valencia,Marcos Rojo,Phil Jones,Matteo Darmian,Paul Pogba,Ander Herrera,Michael Carrick,Henrikh Mkhitaryan,Zlatan Ibrahimovic,Anthony Martial",64.65,2,9,45,0,9,80.95,3,433,10,5,Michael Oliver,6,0.56,19,1,Jürgen Klopp,18,4,0,50,1,19,10,78.33,Liverpool,22,2,10,2,433,1,2,8,9,64.32,9,7,Man Utd,José Mourinho,13,3,10,6.3,1,29,6,1,3,4,0.53,Old Trafford,12,15,64.26,1/15/2017,38,6.3,16,86.51,0.44,13,EPL,Blank,Man Utd,1,,Home,0.56,9,13,0.53,4,8
1774,11,5,13,62.58,6.29,45.83,7,"Simon Mignolet,Joel Matip,Dejan Lovren,Ragnar Klavan,Trent Alexander-Arnold,Nathaniel Clyne,Emre Can,Georginio Wijnaldum,James Milner,Ben Woodburn,Divock Origi",0,2,80,7,34,6.23,4,5,9,0.5,6,0,6,46.67,5,11,1,2,1,75,"Lee Grant,Glen Johnson,Bruno Martins Indi,Ryan Shawcross,Erik Pieters,Xherdan Shaqiri,Geoff Cameron,Joe Allen,Marko Arnautovic,Jonathan Walters,Saido Berahino",60.29,2,8,34,1,11,85.19,2,442,6,4,Mike Dean,8,0.44,11,0,Jürgen Klopp,9,6,1,25,1,18,13,60.71,Liverpool,19,2,13,2,3511,2,2,7,9,63.42,5,8,Stoke,Mark Hughes,11,4,10,6.12,4,26,8,2,3,7,0.5,bet365 Stadium,13,14,69.86,4/8/2017,36,6.47,17,74.56,0.56,15,EPL,Liverpool,Liverpool,2,Away,Away,0.56,15,7,0.5,2,5
1776,12,1,12,79.64,6.29,75,5,"David de Gea,Antonio Valencia,Chris Smalling,Phil Jones,Daley Blind,Marouane Fellaini,Paul Pogba,Ander Herrera,Juan Mata,Zlatan Ibrahimovic,Henrikh Mkhitaryan",5,12,100,13,46,6.26,8,9,6,0.61,5,4,12,60,1,23,2,3,0,71.43,"Lee Grant,Glen Johnson,Bruno Martins Indi,Ryan Shawcross,Erik Pieters,Glenn Whelan,Charlie Adam,Xherdan Shaqiri,Joe Allen,Marko Arnautovic,Peter Crouch",76.34,3,3,46,0,22,72.73,11,4231,4,7,Mark Clattenburg,2,0.35,23,0,José Mourinho,6,12,1,60,1,5,5,76.67,Man Utd,12,6,5,0,433,4,3,9,6,63.79,8,7,Stoke,Mark Hughes,12,1,2,6.1,,28,2,1,1,,0.39,bet365 Stadium,16,16,60.43,1/21/2017,19,6.48,7,53.85,0.65,25,EPL,Blank,Man Utd,1,,Away,0.65,25,13,0.61,12,8
1811,16,6,13,76.9,6.37,66.67,9,"Loris Karius,Nathaniel Clyne,Joel Matip,Dejan Lovren,James Milner,Georginio Wijnaldum,Adam Lallana,Jordan Henderson,Sadio Mané,Roberto Firmino,Philippe Coutinho",3,4,75,11,33,6.36,6,9,7,0.63,4,0,19,57.14,3,18,1,4,1,70.83,"Lukasz Fabianski,Angel Rangel,Mike van der Hoorn,Jordi Amat,Kyle Naughton,Leroy Fer,Leon Britton,Jack Cork,Wayne Routledge,Borja Bastón,Gylfi Sigurdsson",78.8,6,4,33,0,15,62.82,4,433,6,7,Michael Oliver,3,0.41,18,0,Jürgen Klopp,13,19,1,66.67,1,8,10,66.67,Liverpool,14,2,10,3,433,2,6,8,8,65.75,5,10,Swansea,Francesco Guidolin,9,3,4,6.02,1,41,3,2,2,1,0.37,Liberty Stadium,28,17,66.72,10/1/2016,28,6.49,14,52.78,0.59,18,EPL,Liverpool,Liverpool,2,Away,Away,0.59,18,11,0.63,4,5
1,11,6,10,86.19,6.52,64.29,6,"Manuel Neuer,Philipp Lahm,Dante,Jérôme Boateng,David Alaba,Bastian Schweinsteiger,Javi Martínez,Arjen Robben,Thomas Müller,Franck Ribéry,Mario Mandzukic",3,13,40,7,22,6.55,13,5,10,66.55,9,3,10,66.67,1,14,1,4,0,47.22,"Marc-André ter Stegen,Tony Jantschke,Martin Stranzl,Roel Brouwers,Oscar Wendt,Patrick Herrmann,Havard Nordtveit,Granit Xhaka,Juan Arango,Mike Hanke,Branimir Hrgota",86.28,4,2,22,0,21,60,11,442,7,5,Thorsten Kinhöfer,3,35.66,14,2,Jupp Heynckes,9,10,3,66.67,3,8,8,68.52,Bayern,7,5,8,4,4231,3,4,3,11,66.4,4,10,Borussia M.Gladbach,Lucien Favre,7,5,6,6.09,1,25,3,4,6,2,33.45,Borussia-Park,15,19,57.56,5/18/2013,22,6.69,15,57.14,64.34,26,Bundesliga,Bayern,Bayern,2,Away,Away,64.34,26,7,66.55,13,4
60,10,11,8,57.59,6.63,77.78,7,"Marc-André ter Stegen,Tony Jantschke,Martin Stranzl,Roel Brouwers,Oscar Wendt,Thorben Marx,Patrick Herrmann,Havard Nordtveit,Tolga Cigerci,Juan Arango,Mike Hanke",0,1,31.25,13,23,6.16,1,3,9,33.72,16,1,10,78.79,14,11,5,0,5,55,"Manuel Neuer,Philipp Lahm,Dante,Jérôme Boateng,David Alaba,Bastian Schweinsteiger,Javi Martínez,Thomas Müller,Toni Kroos,Franck Ribéry,Mario Mandzukic",58.75,5,4,23,2,4,55.56,0,4231,13,3,Tobias Welz,5,65.2,11,1,Lucien Favre,23,10,0,66.67,1,15,15,60.26,Borussia M.Gladbach,10,2,15,3,4141,0,5,12,26,82.41,6,4,Bayern,Jupp Heynckes,18,9,11,6.37,3,20,5,1,8,5,66.28,Allianz Arena,12,13,78.75,12/14/2012,35,6.44,25,58.82,34.8,5,Bundesliga,Blank,Bayern,1,,Home,65.2,26,18,66.28,11,12
348,34,5,12,81.77,6.66,67.5,27,"Manuel Neuer,Rafinha,Dante,Jérôme Boateng,David Alaba,Philipp Lahm,Thomas Müller,Toni Kroos,Thiago Alcántara,Xherdan Shaqiri,Mario Götze",3,10,85.71,13,67,6.41,7,5,12,70.9,8,1,44,57.58,2,36,3,3,1,82.14,"Sven Ulreich,Gotoku Sakai,Antonio Rüdiger,Daniel Schwaab,Konstantin Rausch,Martin Harnik,Moritz Leitner,Rani Khedira,Timo Werner,Vedad Ibisevic,Mohammed Abdellaoue",81.66,18,8,67,2,19,49.24,8,442,7,7,Manuel Gräfe,8,32.55,36,0,Josep Guardiola,17,44,1,65.83,1,17,15,46.49,Bayern,9,1,15,1,4141,1,18,6,11,51.05,5,8,Stuttgart,Thomas Schneider,10,3,9,6.25,0,74,8,2,5,1,29.1,Mercedes-Benz Arena,62,20,43.97,1/29/2014,27,6.73,18,45.23,67.45,24,Bundesliga,Bayern,Bayern,2,Away,Away,67.45,24,13,70.9,10,5
430,14,9,8,48.5,6.5,44.44,9,"Raphael Wolf,Clemens Fritz,Sebastian Prödl,Luca Caldirola,Santiago García,Philipp Bargfrede,Theodor Gebre Selassie,Cedrick Makiadi,Zlatko Junuzovic,Franco Di Santo,Aaron Hunt",1,5,57.14,11,46,6.22,3,1,2,33.05,19,2,9,59.65,13,31,5,4,3,58.33,"Manuel Neuer,Mitchell Weiser,Dante,Jérôme Boateng,David Alaba,Bastian Schweinsteiger,Javi Martínez,Thomas Müller,Mario Götze,Franck Ribéry,Claudio Pizarro",46.55,3,7,46,2,6,76.92,4,4231,15,5,Guido Winkmann,9,70.26,31,2,Robin Dutt,28,9,1,33.33,5,22,19,60.63,Werder Bremen,15,3,19,3,41212,2,3,8,23,83.38,6,5,Bayern,Josep Guardiola,13,11,15,6.43,0,28,9,2,8,1,66.95,Allianz Arena,20,5,79.51,4/26/2014,47,6.74,32,66.67,29.74,7,Bundesliga,Bayern,Bayern,4,Home,Home,70.26,23,13,66.95,9,8
450,13,8,9,59.25,6.39,50,10,"Christian Wetklo,Zdenek Pospech,Bo Svensson,Stefan Bell,Nikolce Noveski,Júnior Díaz,Nicolai Müller,Julian Baumgartlinger,Johannes Geis,Eric Maxim Choupo-Moting,Shawn Parker",0,4,50,12,40,6.22,4,1,3,22.83,13,1,10,65,8,24,6,1,4,54.17,"Manuel Neuer,Rafinha,Dante,Jérôme Boateng,Diego Contento,Philipp Lahm,Arjen Robben,Bastian Schweinsteiger,Toni Kroos,Thomas Müller,Mario Mandzukic",52.87,3,3,40,4,10,75,3,4141,16,3,Thorsten Kinhöfer,4,75.54,24,1,Thomas Tuchel,28,10,0,31.25,4,11,8,69.44,Mainz,8,7,8,0,541,5,3,8,19,83.14,6,5,Bayern,Josep Guardiola,14,6,8,6.21,1,29,4,1,5,2,77.17,Allianz Arena,20,9,77.84,10/19/2013,22,6.56,14,67.39,24.46,12,Bundesliga,Bayern,Bayern,4,Home,Home,75.54,19,14,77.17,8,8
748,11,12,14,57.08,6.82,62.5,7,"Roman Weidenfeller,Lukasz Piszczek,Mats Hummels,Sokratis,Erik Durm,Sebastian Kehl,Henrikh Mkhitaryan,Sven Bender,Shinji Kagawa,Pierre-Emerick Aubameyang,Marco Reus",0,5,72.92,13,45,6.14,4,0,8,40.04,21,2,10,70.83,9,23,3,0,5,60.14,"Manuel Neuer,David Alaba,Jérôme Boateng,Medhi Benatia,Arjen Robben,Juan Bernat,Mario Götze,Philipp Lahm,Xabi Alonso,Thomas Müller,Robert Lewandowski",65.65,6,13,45,2,8,44.44,5,352,14,4,Manuel Gräfe,7,63.21,23,1,Jürgen Klopp,31,10,0,85.71,2,25,18,64.47,Borussia Dortmund,17,4,18,5,41212,1,6,2,25,77.23,6,2,Bayern,Josep Guardiola,5,14,12,6.52,2,30,7,1,11,2,59.96,Allianz Arena,16,14,79.37,11/1/2014,48,6.47,31,67.95,36.79,10,Bundesliga,Bayern,Bayern,2,Home,Home,63.21,25,5,59.96,12,2
934,5,14,2,46.16,6.54,33.33,3,"Christian Mathenia,György Garics,Luca Caldirola,Slobodan Rajkovic,Júnior Díaz,Sandro Sirigu,Florian Jungwirth,Fabian Holland,Tobias Kempe,Mario Vrancic,Sandro Wagner",0,4,44.44,10,36,6.26,5,0,5,28.54,31,3,3,61.91,18,19,12,0,6,43.33,"Manuel Neuer,Rafinha,Joshua Kimmich,Serdar Tasci,David Alaba,Arturo Vidal,Kingsley Coman,Thomas Müller,Arjen Robben,Douglas Costa,Robert Lewandowski",45.19,1,2,36,3,4,66.67,3,4141,12,2,Michael Weiner,7,76.43,19,1,Dirk Schuster,28,3,0,50,3,19,13,64.37,Darmstadt,5,0,13,5,4411,0,1,7,37,83.94,6,0,Bayern,Josep Guardiola,13,13,17,6.34,2,13,7,1,12,5,71.46,Allianz Arena,11,5,80.42,2/20/2016,37,6.62,32,70,23.57,6,Bundesliga,Bayern,Bayern,3,Home,Home,76.43,37,13,71.46,14,7
1101,12,6,8,77.23,6.28,45,7,"Diego Benaglio,Christian Träsch,Dante,Naldo,Ricardo Rodríguez,Daniel Caligiuri,Luiz Gustavo,Josuha Guilavogui,Julian Draxler,Max Kruse,Bas Dost",0,3,63.33,11,28,6.23,2,1,5,41.17,12,2,6,47.06,5,13,1,1,3,56.82,"Manuel Neuer,Philipp Lahm,David Alaba,Jérôme Boateng,Juan Bernat,Arturo Vidal,Xabi Alonso,Thiago Alcántara,Douglas Costa,Thomas Müller,Mario Götze",76.92,4,3,28,0,7,77.08,3,433,8,5,Tobias Stieler,13,61.11,13,1,Dieter Hecking,13,6,0,50,5,22,16,55.77,Wolfsburg,6,1,16,3,442,0,4,6,18,83.82,7,1,Bayern,Josep Guardiola,12,12,19,6.34,1,20,13,1,5,3,58.83,Allianz Arena,12,11,80.25,9/22/2015,32,6.66,26,76.04,38.89,7,Bundesliga,Bayern,Bayern,5,Home,Home,61.11,18,12,58.83,6,6
1120,12,7,10,50.09,6.55,77.27,4,"Marwin Hitz,Paul Verhaegh,Ragnar Klavan,Jan-Ingwer Callsen-Bracker,Markus Feulner,Dominik Kohr,Daniel Baier,Alexander Esswein,Ja-Cheol Koo,Tobias Werner,Raúl Bobadilla",0,2,45.45,12,29,6.21,1,0,5,23.98,19,1,10,64.29,9,13,8,0,4,55,"Manuel Neuer,David Alaba,Rafinha,Jérôme Boateng,Xabi Alonso,Philipp Lahm,Thiago Alcántara,Arturo Vidal,Thomas Müller,Robert Lewandowski,Douglas Costa",49.33,3,3,29,3,3,75,2,343d,14,8,Knut Kircher,6,77,13,1,Markus Weinzierl,21,10,0,75,2,17,14,56,Augsburg,6,3,14,1,4231,0,3,4,28,86.72,6,0,Bayern,Josep Guardiola,11,10,14,6.23,1,23,6,1,5,1,76.02,Allianz Arena,13,5,87.35,9/12/2015,31,6.43,25,59.52,23,3,Bundesliga,Bayern,Bayern,2,Home,Home,77,28,11,76.02,7,4
1270,16,6,10,51.07,6.61,61.54,7,"Jannik Huth,Giulio Donati,Stefan Bell,Alexander Hack,Daniel Brosinski,Danny Latza,Fabian Frei,Levin Öztunali,Bojan,Robin Quaison,Yoshinori Muto",3,9,43.33,5,33,6.17,5,3,8,0.29,18,4,9,69.05,14,13,7,2,3,61.11,"Sven Ulreich,Rafinha,David Alaba,Mats Hummels,Juan Bernat,Arturo Vidal,Thiago Alcántara,Arjen Robben,Thomas Müller,Franck Ribéry,Robert Lewandowski",52.05,5,5,33,2,3,71.43,2,4231,19,9,Frank Willenborg,5,0.76,13,2,Martin Schmidt,31,9,1,75,2,17,19,53.54,Mainz,10,4,19,3,4231,2,5,2,20,79.59,4,2,Bayern,Carlo Ancelotti,6,7,12,6.39,1,25,5,2,6,1,0.71,Allianz Arena,15,16,74.12,4/22/2017,42,6.41,32,65.91,0.24,10,Bundesliga,Blank,Bayern,1,,Home,0.76,20,6,0.71,6,2
1397,12,7,12,83.65,6.3,64.81,8,"Manuel Neuer,Philipp Lahm,David Alaba,Mats Hummels,Juan Bernat,Arturo Vidal,Joshua Kimmich,Arjen Robben,Thiago Alcántara,Douglas Costa,Thomas Müller",2,5,57.14,19,29,6.36,7,7,11,0.71,10,2,15,66.67,3,11,5,1,3,50,"Rune Jarstein,Peter Pekarík,Sebastian Langkamp,John Brooks,Marvin Plattenhardt,Niklas Stark,Genki Haraguchi,Vladimir Darida,Per Skjelbred,Salomon Kalou,Vedad Ibisevic",84.86,7,6,29,4,13,44.44,5,4141,6,4,Patrick Ittrich,5,0.29,11,0,Carlo Ancelotti,16,15,1,85.71,1,14,8,70,Bayern,9,4,8,1,4231,2,7,3,11,58.22,9,4,Hertha Berlin,Pál Dárdai,10,2,8,6.15,3,34,5,1,6,3,0.29,Olympiastadion,22,30,63.48,2/18/2017,24,6.69,15,61.81,0.71,16,Bundesliga,Blank,Bayern,1,,Away,0.71,16,19,0.71,5,9
1464,12,9,10,83.64,6.22,55.88,8,"Tom Starke,Philipp Lahm,David Alaba,Jérôme Boateng,Juan Bernat,Joshua Kimmich,Xabi Alonso,Arjen Robben,Thiago Alcántara,Franck Ribéry,Robert Lewandowski",0,6,44.44,19,24,6.52,9,3,17,0.57,9,3,11,73.08,2,13,2,0,2,46.67,"Péter Gulácsi,Stefan Ilsanker,Dayotchanculle Upamecano,Marvin Compper,Bernardo,Diego Demme,Naby Keita,Marcel Sabitzer,Emil Forsberg,Yussuf Poulsen,Timo Werner",82.11,4,6,24,2,13,68.18,4,4222,7,4,Tobias Stieler,4,0.39,13,1,Carlo Ancelotti,14,11,2,50,4,15,7,71.74,Bayern,11,3,7,4,4231,2,4,4,11,70.16,9,6,RasenBallsport Leipzig,Ralph Hasenhüttl,11,6,9,6.11,2,29,4,5,8,3,0.43,Red Bull Arena,19,30,73.59,5/13/2017,26,6.85,15,63.46,0.61,20,Bundesliga,Bayern,Bayern,2,Away,Away,0.61,20,19,0.57,6,9
191,11,5,12,67.43,6.24,39.29,7,"Rémy Vercoutre,Anthony Réveillere,Dejan Lovren,Milan Bisevac,Samuel Umtiti,Steed Malbranque,Arnold Mvuemba,Alexandre Lacazette,Clément Grenier,Lisandro López,Bafétimbi Gomis",2,7,100,21,23,6.61,5,3,16,60.84,7,2,6,61.11,2,15,2,5,0,85.71,"Alexis Thébaux,Ousmane Coulibaly,Florian Lejeune,Ahmed Kantari,Tripy Makonda,Mario Licka,Abdoul Sissoko,Florian Raspentino,Kamel Chafni,Magaye Gueye,Jonathan Ayité",69.5,3,6,23,1,8,72.73,3,4231,16,4,Said Ennjimi,4,41.47,15,0,Rémi Garde,33,6,1,42.86,1,10,7,72.22,Lyon,14,3,7,1,4231,2,3,4,9,54.76,10,7,Brest,Landry Chauvin,10,1,4,6.1,2,27,4,1,4,3,39.16,Stade Francis-le Blé,15,25,55.43,3/3/2013,22,6.71,8,77.08,58.53,16,Ligue_1,Blank,Lyon,1,,Away,58.53,16,21,60.84,7,10
267,6,7,17,65.95,6.7,37.5,3,"Stéphane Ruffier,Francois Clerc,Kurt Zouma,Moustapha Bayal Sall,Faouzi Ghoulam,Fabien Lemoine,Josuha Guilavogui,Pierre-Emerick Aubameyang,Renaud Cohade,Yohan Mollo,Brandão",0,5,25,10,32,6.2,4,1,11,49.58,10,2,4,88.89,4,16,3,4,1,12.5,"Anthony Lopes,Gueida Fofana,Bakary Koné,Samuel Umtiti,Mouhamadou Dabo,Steed Malbranque,Maxime Gonalons,Jimmy Briand,Clément Grenier,Yoann Gourcuff,Lisandro López",68.83,1,7,32,2,10,83.33,3,4231,13,3,Laurent Duhamel,1,56.7,16,1,Christophe Galtier,28,4,0,33.33,1,11,1,95.24,Saint-Etienne,15,2,1,1,4231,1,1,4,13,67.77,4,6,Lyon,Rémi Garde,10,3,4,6.5,0,25,1,1,5,0,50.42,Stade de Gerland,9,22,69.09,4/28/2013,23,6.33,8,86.84,43.3,13,Ligue_1,Blank,Lyon,1,,Home,56.7,13,10,50.42,7,4
339,12,3,17,73.83,6.34,60.71,4,"Rémy Vercoutre,Anthony Réveillere,Dejan Lovren,Milan Bisevac,Mouhamadou Dabo,Jimmy Briand,Arnold Mvuemba,Maxime Gonalons,Steed Malbranque,Lisandro López,Bafétimbi Gomis",0,2,66.67,18,30,6.57,3,1,10,52.09,6,0,10,63.64,7,17,1,1,4,62.5,"Mickaël Landreau,Mathieu Debuchy,Aurélien Chedjou,Marko Basa,Lucas Digne,Benoit Pedretti,Rio Mavuba,Idrissa Gueye,Ryan Mendes,Nolan Roux,Dimitri Payet",70.34,2,6,30,0,6,90,1,433,9,8,Clément Turpin,5,42.9,17,0,Rémi Garde,16,10,1,33.33,1,13,9,70.29,Lyon,14,4,9,2,442,2,2,5,9,66.48,9,3,Lille,Rudi Garcia,15,3,7,6.12,4,33,5,1,2,7,47.91,Grand Stade Lille Métropole,16,21,75.15,9/23/2012,28,6.71,14,73.33,57.1,7,Ligue_1,Blank,Lyon,1,,Away,57.1,7,18,52.09,2,9
536,11,6,11,69.2,6.26,34.62,4,"Anthony Lopes,Miguel Lopes,Bakary Koné,Samuel Umtiti,Milan Bisevac,Henri Bedimo,Corentin Tolisso,Jordan Ferri,Maxime Gonalons,Alexandre Lacazette,Bafétimbi Gomis",2,6,25,13,37,6.65,4,4,13,54.29,7,1,6,87.5,5,19,2,0,1,30,"Cédric Carrasso,Mariano,Henrique,Marc Planus,Lucas Orban,Diego Rolan,Grégory Sertic,Andre Biyogo Poko,Lamine Sané,Henri Saivet,Guillaume Hoarau",63.21,4,3,37,1,8,66.67,4,451,3,7,Antony Gautier,2,40.68,19,0,Rémi Garde,7,6,1,100,1,10,5,84.38,Lyon,7,3,5,3,532,0,4,5,8,57.45,6,5,Bordeaux,Francis Gillot,13,3,7,6.1,1,26,2,2,5,3,45.71,Stade Jacques Chaban-Delmas,15,23,60.18,3/9/2014,20,6.83,13,80.43,59.32,12,Ligue_1,Lyon,Lyon,2,Away,Away,59.32,12,13,54.29,6,6
665,18,5,11,71.06,6.55,46.43,9,"Rémy Vercoutre,Miguel Lopes,Bakary Koné,Samuel Umtiti,Henri Bedimo,Maxime Gonalons,Gueida Fofana,Jordan Ferri,Clément Grenier,Yassine Benzia,Alexandre Lacazette",0,2,100,13,40,6.43,3,1,0,47.39,4,0,9,86.36,0,23,0,1,0,100,"Mickaël Landreau,Gilles Cioni,Sébastien Squillaci,Francois Modesto,Julian Palmieri,Yannick Cahuzac,Romaric,Milos Krasic,Ryad Boudebouz,Adama Ba,Florian Raspentino",69.73,3,10,40,0,6,88.46,2,4231,7,9,Bartolomeu Varela,2,52.03,23,0,Rémi Garde,11,9,1,25,1,12,3,83.33,Lyon,13,3,3,2,41212,0,3,7,5,66.94,5,1,SC Bastia,Frédéric Hantz,13,2,2,6.32,0,30,2,3,4,0,52.61,Stade Armand-Cesari-Furiani,19,1,73.32,12/8/2013,16,6.38,3,71.74,47.97,8,Ligue_1,Lyon,Lyon,3,Away,Away,47.97,8,13,47.39,2,5
814,15,2,17,78.64,6.31,48.33,9,"Anthony Lopes,Christophe Jallet,Samuel Umtiti,Milan Bisevac,Mouhamadou Dabo,Maxime Gonalons,Steed Malbranque,Jordan Ferri,Nabil Fekir,Yassine Benzia,Alexandre Lacazette",3,5,75,16,24,6.31,8,6,16,62.22,4,2,13,70,1,15,0,2,1,75,"Jesper Hansen,Kassim Abdallah,Cédric Mongongu,Cédric Cambon,Youssouf Sabaly,Djakaridja Koné,Olivier Sorlin,Modou Sougou,Cédric Barbosa,Milos Ninkovic,Clarck N'Sikulu",78.21,4,3,24,0,13,76.92,1,4231,5,6,Tony Chapron,2,36.9,15,0,Hubert Fournier,14,13,1,43.75,2,6,5,75,Lyon,11,3,5,1,41212,2,4,12,6,48.54,9,6,Evian,Pascal Dupraz,22,2,3,6.09,2,44,2,3,1,4,37.78,Parc des Sports,27,26,51.55,12/7/2014,18,6.57,7,74.48,63.1,20,Ligue_1,Lyon,Lyon,2,Away,Away,63.1,20,16,62.22,5,9
1006,5,16,10,65.1,6.46,71.43,2,"Stéphane Ruffier,Francois Clerc,Paul Baysse,Loic Perrin,Kévin Théophile-Catherine,Franck Tabanou,Landry N'Guémo,Benjamin Corgnet,Jérémy Clément,Mevlüt Erdinc,Max Gradel",1,7,78.57,11,45,6.3,6,2,2,35.9,14,3,5,50,7,25,5,1,3,55,"Anthony Lopes,Christophe Jallet,Lindsay Rose,Samuel Umtiti,Henri Bedimo,Maxime Gonalons,Corentin Tolisso,Jordan Ferri,Nabil Fekir,Clinton N'Jie,Alexandre Lacazette",62.8,2,6,45,5,5,60,2,41212,8,3,Said Ennjimi,7,55.88,25,2,Christophe Galtier,14,5,1,100,2,15,13,65,Saint-Etienne,16,1,13,4,532,0,2,9,21,73.24,6,4,Lyon,Hubert Fournier,22,6,9,6.22,0,18,7,2,11,0,64.1,Stade de Gerland,8,4,76.71,4/19/2015,39,6.52,23,69.23,44.12,12,Ligue_1,Blank,Lyon,1,,Home,55.88,21,22,64.1,16,9
1102,9,5,13,69.45,6.26,59.09,4,"Anthony Lopes,Christophe Jallet,Bakary Koné,Samuel Umtiti,Corentin Tolisso,Maxime Gonalons,Jordan Ferri,Arnold Mvuemba,Steed Malbranque,Nabil Fekir,Alexandre Lacazette",1,3,25,13,14,6.34,5,2,12,41.31,9,1,7,83.33,4,10,3,1,1,52.63,"Salvatore Sirigu,Serge Aurier,Marquinhos,David Luiz,Lucas Digne,Yohan Cabaye,Blaise Matuidi,Marco Verratti,Edinson Cavani,Zlatan Ibrahimovic,Ezequiel Lavezzi",72.36,3,5,14,1,7,68.75,2,433,3,5,Ruddy Buquet,2,60.02,10,0,Hubert Fournier,9,7,1,75,1,13,11,68.33,Lyon,15,2,11,1,41212,0,3,10,12,83.56,4,2,PSG,Laurent Blanc,17,3,8,6.11,2,25,2,1,4,4,58.69,Parc des Princes,12,26,87.03,9/21/2014,35,6.57,20,71.43,39.98,9,Ligue_1,Blank,Lyon,1,,Away,39.98,9,13,41.31,3,4
1267,21,3,12,63.4,6.59,80.83,14,"Yoan Cardinale,Jérémy Pied,Paul Baysse,Maxime Le Marchand,Ricardo Pereira,Nampalys Mendy,Vincent Koziello,Jean Michael Seri,Hatem Ben Arfa,Valère Germain,Alassane Pléa",0,2,70,16,30,6.06,2,2,9,48.4,9,1,21,50,5,15,2,2,1,80,"Anthony Lopes,Christophe Jallet,Mapou Yanga-Mbiwa,Samuel Umtiti,Henri Bedimo,Maxime Gonalons,Jordan Ferri,Sergi Darder,Rachid Ghezzal,Alexandre Lacazette,Maxwel Cornet",58.91,12,4,30,1,4,44.23,2,433,5,7,Lionel Jaffredo,9,54.59,15,1,Claude Puel,13,21,0,81.82,1,16,23,42.93,Nice,11,3,23,0,41212,0,12,8,14,79.58,7,3,Lyon,Bruno Genesio,20,3,12,6.33,1,38,9,1,2,1,51.6,Parc OL,26,16,77.43,4/15/2016,39,6.24,28,44.79,45.41,6,Ligue_1,Blank,Lyon,1,,Home,54.59,14,20,51.6,3,8
1511,18,8,16,81.63,6.32,48.96,7,"Anthony Lopes,Christophe Jallet,Mapou Yanga-Mbiwa,Samuel Umtiti,Rafael,Maxime Gonalons,Corentin Tolisso,Sergi Darder,Mathieu Valbuena,Claudio Beauvue,Alexandre Lacazette",2,5,28.57,19,23,6.26,6,7,10,64.94,8,1,15,84.62,3,9,2,1,1,41.18,"Danijel Subasic,Fabinho,Wallace,Jérémy Toulalan,Elderson Echiéjilé,Mario Pasalic,João Moutinho,Bernardo Silva,Thomas Lemar,Ivan Cavaleiro,Lacina Traoré",80.05,4,8,23,0,11,84.62,3,4231,5,11,Fredy Fautrel,2,33.02,9,0,Hubert Fournier,11,15,1,50,1,15,9,72.67,Lyon,11,3,9,3,41212,2,4,8,12,59.91,9,4,Monaco,Leonardo Jardim,16,4,7,6.19,0,43,2,1,6,0,35.06,Stade Louis II,27,21,69.52,10/16/2015,32,6.58,21,73.89,66.98,18,Ligue_1,Blank,Lyon,1,,Away,66.98,18,19,64.94,5,9
1546,22,5,14,77.22,6.33,60.42,15,"Anthony Lopes,Rafael,Emanuel Mammana,Mouctar Diakhaby,Jérémy Morel,Maxime Gonalons,Lucas Tousart,Corentin Tolisso,Nabil Fekir,Alexandre Lacazette,Memphis Depay",1,8,75,21,33,6.36,2,3,13,0.69,11,1,18,88.89,5,21,7,4,0,63.64,"Cédric Carrasso,Milan Gajic,Vukasin Jovanovic,Nicolas Pallois,Diego Contento,Valentin Vada,Jérémy Toulalan,Younousse Sankhare,Malcom,Gaetan Laborde,Francois Kamano",81.13,10,9,33,1,8,56.25,3,433,4,7,Frank Schneider,2,0.37,21,0,Bruno Genesio,7,18,1,61.54,1,12,8,75,Lyon,17,1,8,2,433,0,10,6,15,66.64,9,4,Bordeaux,Jocelyn Gourvennec,17,4,3,6.14,,42,2,1,4,,0.31,Matmut Atlantique,28,16,61.23,3/3/2017,30,6.53,13,58.85,0.63,13,Ligue_1,Blank,Lyon,1,,Away,0.63,13,21,0.69,8,9
1666,8,8,8,58.34,6.45,70.37,5,"Maxime Dupé,Léo Dubois,Diego Carlos,Koffi Djidji,Lucas Lima,Adrien Thomasson,Guillaume Gillet,Valentin Rongier,Amine Harit,Emiliano Sala,Prejuce Nakoulma",1,2,75,10,44,6.13,2,2,4,0.39,12,1,10,46.43,9,24,7,3,4,72.73,"Anthony Lopes,Rafael,Emanuel Mammana,Nicolas Nkoulou,Jérémy Morel,Maxime Gonalons,Lucas Tousart,Rachid Ghezzal,Nabil Fekir,Memphis Depay,Alexandre Lacazette",53.29,4,4,44,4,4,57.14,2,4231,4,3,Mikael Lesage,11,0.59,24,1,Sérgio Conceição,7,10,0,75,3,19,20,47.02,Nantes,12,,20,2,442,,4,11,16,75.01,5,5,Lyon,Bruno Genesio,20,7,15,6.31,5,22,11,2,5,5,0.61,Parc OL,14,10,74.04,5/7/2017,41,6.38,29,61.11,0.41,5,Ligue_1,Lyon,Lyon,2,Home,Home,0.59,16,20,0.61,8,11
9,13,9,13,54.7,6.58,50,7,"Dudu Aouate,Alan Hutton,Nunes,Pedro Bigas,Kevin,Fernando Tissone,Tomás Pina,Nsue,Alejandro Alfaro,Giovani dos Santos,Casadesús",1,7,60,9,30,6.29,6,4,8,32.12,20,3,9,60.26,11,18,4,2,4,46.67,"Diego López,Álvaro Arbeloa,Raphael Varane,Sergio Ramos,Fábio Coentrão,Luka Modric,Pepe,Álvaro Morata,Kaká,Cristiano Ronaldo,Gonzalo Higuaín",45.19,3,5,30,2,13,80,7,4231,5,6,Antonio Miguel Mateu Lahoz,7,61.68,18,2,Gregorio Manzano,16,9,1,42.86,5,16,8,70.63,Mallorca,11,1,8,4,4231,1,3,9,24,84.83,3,4,Real Madrid,José Mourinho,11,13,11,6.53,1,30,7,2,7,1,67.88,Santiago Bernabéu,17,17,88.61,3/16/2013,27,6.76,16,75,38.32,15,La_Liga,Real Madrid,Real Madrid,4,Home,Home,61.68,24,11,67.88,9,9
42,14,12,12,80.38,6.41,50,8,"Diego López,Álvaro Arbeloa,Ricardo Carvalho,Pepe,Marcelo,Luka Modric,Michael Essien,Ángel Di María,Kaká,José Callejón,Gonzalo Higuaín",0,5,87.5,11,17,6.55,8,4,8,62.09,10,3,9,30,3,7,5,1,2,50.83,"Daniel Aranzubia,Silvio,Kaká,Carlos Marchena,Ayoze Díaz,Paulo Assunção,Abel Aguilar,Bruno Gama,Juan Carlos Valerón,Pizzi,Riki",83.44,3,3,17,3,10,83.33,1,4231,5,6,Alfonso Alvarez Izquierdo,7,40.27,7,0,José Mourinho,14,9,1,33.33,1,11,12,55.8,Real Madrid,4,7,12,5,4231,4,3,4,15,58.26,6,5,Deportivo,Fernando Vázquez,13,5,8,6.28,1,29,7,2,8,5,37.91,Municipal de Riazor,17,9,62.47,2/23/2013,28,6.79,24,75,59.73,17,La_Liga,Real Madrid,Real Madrid,2,Away,Away,59.73,17,11,62.09,5,6
43,13,8,9,72.82,6.58,46.43,6,"Beto,Coke,Federico Fazio,Alberto Botía,Fernando Navarro,Gary Medel,Hedwiges Maduro,Jesús Navas,Ivan Rakitic,Manu del Moral,Babá",0,1,54.17,10,18,6.41,4,0,8,34.46,13,1,7,66.2,10,8,7,0,5,50,"Víctor Valdés,Dani Alves,Javier Mascherano,Gerard Piqué,Martín Montoya,Alexandre Song,Thiago Alcántara,Andrés Iniesta,Alexis Sánchez,Lionel Messi,David Villa",68.58,5,9,18,4,7,58.33,1,433,17,7,Carlos Velasco Carballo,9,63.28,8,1,Unai Emery,27,7,0,83.33,2,24,15,63.51,Sevilla,13,1,15,1,4231,1,5,8,17,82.33,4,1,Barcelona,Tito Vilanova,12,3,15,6.48,0,24,9,1,5,1,65.54,Camp Nou,15,14,87.4,2/23/2013,40,6.6,27,69.05,36.72,7,La_Liga,Barcelona,Barcelona,2,Home,Home,63.28,17,12,65.54,8,8
53,18,3,15,79.03,6.7,84.09,12,"Víctor Valdés,Dani Alves,Javier Mascherano,Gerard Piqué,Adriano,Sergio Busquets,Thiago Alcántara,Cesc Fàbregas,Pedro,Lionel Messi,Alexis Sánchez",0,8,44.44,15,20,6.43,6,1,7,69.83,6,2,23,59.26,1,10,1,1,1,39.29,"Toño,Nyom,Íñigo López,Diego Mainz,Guilherme Siqueira,Gabriel Torje,Recio,Mikel Rico,Nolito,Odion Ighalo,Aranda",77.74,12,2,20,0,13,35.71,7,442,6,6,Carlos del Cerro Grande,6,33.71,10,0,Tito Vilanova,17,23,1,100,1,14,8,78.79,Barcelona,11,6,8,3,433,3,12,6,7,55.27,9,1,Granada,Lucas Alcaraz,14,5,12,6.38,0,42,6,2,2,0,30.17,Estadio Los Cármenes,27,17,50.91,2/16/2013,29,6.42,18,48.48,66.29,18,La_Liga,Barcelona,Barcelona,2,Away,Away,66.29,18,15,69.83,8,9
250,17,6,13,83.78,6.46,54.35,10,"Víctor Valdés,Dani Alves,Javier Mascherano,Alexandre Song,Jordi Alba,Sergio Busquets,Xavi,Cesc Fàbregas,Alexis Sánchez,Lionel Messi,Pedro",2,5,60,15,19,6.56,7,6,14,66.99,7,2,14,75,2,10,0,2,1,70,"Andrés Palop,Cicinho,Emir Spahic,Alberto Botía,Fernando Navarro,Gary Medel,Ivan Rakitic,Hedwiges Maduro,Jesús Navas,Álvaro Negredo,Piotr Trochowski",81.36,5,7,19,0,10,69.23,4,433,9,7,Antonio Miguel Mateu Lahoz,4,31.35,10,0,Tito Vilanova,13,14,1,50,2,14,9,72.73,Barcelona,15,5,9,2,433,3,5,0,8,67.3,7,7,Sevilla,José Miguel González,3,3,7,6.25,3,38,4,3,5,4,33.01,Ramón Sánchez Pizjuán,25,25,66.34,9/29/2012,28,6.73,13,64.06,68.65,15,La_Liga,Barcelona,Barcelona,2,Away,Away,68.65,15,15,66.99,5,7
296,21,7,22,71.76,6.4,41.67,9,"Víctor Valdés,Dani Alves,Gerard Piqué,Carles Puyol,Jordi Alba,Sergio Busquets,Cesc Fàbregas,Andrés Iniesta,Alexis Sánchez,Lionel Messi,Cristian Tello",1,10,50,17,27,6.7,10,2,12,66.06,10,6,9,77.78,4,12,5,4,2,30,"Andrés Fernández,Marc Bertrán,Alejandro Arribas,Miguel Flaño,Damiá,Raoul Loé,Francisco Puñal,Álvaro Cejudo,Sisi,Roland Lamah,Joseba Llorente",72.08,5,5,27,2,12,73.68,7,4231,4,12,César Muñiz Fernández,2,36.85,12,0,Tito Vilanova,9,9,1,55.56,1,9,3,83.33,Barcelona,11,7,3,3,433,2,5,3,17,55.08,9,7,Osasuna,José Luis Mendilibar,11,5,4,6.21,2,42,2,2,4,3,33.94,Reyno de Navarra,20,21,57.37,8/26/2012,21,6.93,10,76.56,63.15,15,La_Liga,Barcelona,Barcelona,2,Away,Away,63.15,15,17,66.06,10,9
312,19,4,9,80.85,6.43,42.11,13,"Diego López,Raphael Varane,Ricardo Carvalho,Raúl Albiol,Nacho,Luka Modric,Michael Essien,Ángel Di María,Kaká,Álvaro Morata,Gonzalo Higuaín",1,2,40,13,23,6.52,4,6,8,60.72,5,1,9,89.29,8,8,1,1,3,23.08,"Kiko Casilla,Javi López,Diego Colotto,Héctor Moreno,Joan Capdevila,Juan Forlín,Víctor Sánchez,Cristhian Stuani,Joan Verdú,Mubarak Wakaso,Sergio García",76.59,4,12,23,1,7,77.78,2,4231,6,7,Ignacio Iglesias Villanueva,2,38.08,8,0,José Mourinho,10,9,1,29.17,1,17,3,89.58,Real Madrid,15,2,3,2,4231,1,4,8,7,51.77,7,3,Espanyol,Javier Aguirre,17,5,5,6.2,6,29,2,1,3,8,39.28,Cornellá - El Prat,21,13,59.43,5/11/2013,28,6.56,13,68.52,61.92,11,La_Liga,Blank,Real Madrid,1,,Away,61.92,11,13,60.72,2,7
321,3,11,4,56.47,6.42,30.3,0,"Adrián,Javi Chica,Antonio Amaya,Mario Álvarez,Álex Martínez,Nosa,Rubén Pérez,Dorlan Pabón,Salva Sevilla,Rubén Castro,Jorge Molina",0,5,45,12,11,6.32,3,0,13,33.92,14,3,5,59.09,7,7,3,0,4,50,"Pinto,Dani Alves,Adriano,Gerard Piqué,Jordi Alba,Alexandre Song,Xavi,Andrés Iniesta,Alexis Sánchez,David Villa,Cristian Tello",50.34,0,3,11,2,4,100,4,433,14,3,Carlos Clos Gómez,5,68.41,7,2,Pepe Mel,25,5,1,0,4,14,12,59.62,Real Betis,7,5,12,6,4231,1,0,4,19,85.22,5,0,Barcelona,Tito Vilanova,10,10,11,6.36,3,19,5,2,9,4,66.08,Camp Nou,15,20,84.49,5/5/2013,30,6.63,23,77.78,31.59,5,La_Liga,Barcelona,Barcelona,3,Home,Home,68.41,19,10,66.08,11,4
329,19,4,15,73.97,6.58,39.74,13,"Víctor Valdés,Dani Alves,Eric Abidal,Gerard Piqué,Jordi Alba,Alexandre Song,Xavi,Thiago Alcántara,Pedro,Cesc Fàbregas,Alexis Sánchez",0,6,42.86,17,30,6.52,6,2,14,50.16,4,1,17,72.73,2,20,1,0,1,28.57,"Gorka Iraizoz,San José,Aurtenetxe,Borja Ekiza,Andoni Iraola,Gurpegi,Ander Herrera,Muniain,Markel Susaeta,Aduriz,De Marcos",74.03,5,5,30,1,13,79.41,5,343,11,6,Ignacio Iglesias Villanueva,3,45.22,20,0,Tito Vilanova,25,17,1,31.82,2,13,4,85.19,Barcelona,17,3,4,2,433,1,5,7,7,65.01,10,1,Athletic Club,Marcelo Bielsa,11,3,8,6.31,1,52,3,2,4,4,49.84,San Mamés,37,22,66.8,4/27/2013,32,6.68,15,72.97,54.78,15,La_Liga,Blank,Barcelona,1,,Away,54.78,15,17,50.16,6,10
419,19,6,9,72,6.53,52,15,"Diego López,Álvaro Arbeloa,Pepe,Sergio Ramos,Fábio Coentrão,Ángel Di María,Luka Modric,Xabi Alonso,Gareth Bale,Karim Benzema,Cristiano Ronaldo",0,5,66.67,17,31,6.21,6,4,8,51.98,10,4,16,66.67,6,12,2,2,2,50,"Thibaut Courtois,Juanfran,Miranda,Diego Godín,Filipe Luis,Gabi,Mario Suárez,Koke,Raúl García,Arda Turan,Diego Costa",68.47,6,7,31,1,11,72.92,5,4231,5,4,Carlos Delgado Ferreiro,4,39.4,12,1,Carlo Ancelotti,9,16,2,34.62,2,13,7,68.18,Real Madrid,9,1,7,3,433,0,6,5,11,62.35,5,4,Atletico,Diego Simeone,10,4,6,6.48,1,38,4,2,6,2,48.02,Vicente Calderón,29,14,74.3,3/2/2014,23,6.64,14,60.42,60.6,15,La_Liga,Blank,Real Madrid,1,,Away,60.6,15,17,51.98,5,5
521,19,6,8,80.45,6.43,32.61,13,"Diego López,Daniel Carvajal,Pepe,Sergio Ramos,Marcelo,Luka Modric,Xabi Alonso,Gareth Bale,Isco,Cristiano Ronaldo,Karim Benzema",4,10,44.44,9,30,6.64,4,5,5,61.94,5,2,11,75,5,14,1,4,2,42.86,"Andrés Fernández,Marc Bertrán,Jordan Loties,Alejandro Arribas,Damiá,Francisco Silva,Lolo,Álvaro Cejudo,Roberto Torres,Emiliano Armenteros,Oriol Riera",82.91,5,9,30,1,13,79.17,7,4231,4,6,Carlos Clos Gómez,4,41.32,14,1,Carlo Ancelotti,13,11,2,31.25,2,18,6,77.27,Real Madrid,13,1,6,4,4231,0,5,7,11,61.29,4,6,Osasuna,Javier Gracia,14,7,9,6.2,2,39,4,2,3,4,38.06,El Sadar,31,13,61.86,12/14/2013,27,6.8,14,74.14,58.68,17,La_Liga,Blank,Real Madrid,1,,Away,58.68,17,9,61.94,10,4
629,9,14,8,58.86,6.75,21.43,3,"Diego Alves,João Pereira,Jeremy Mathieu,Ricardo Costa,Juan Bernat,Sofiane Feghouli,Seydou Keita,Javi Fuego,Daniel Parejo,Eduardo Vargas,Paco Alcácer",1,4,40.74,11,45,6.52,5,1,3,38.7,26,3,2,69.44,10,22,4,1,5,44.79,"Diego López,Daniel Carvajal,Raphael Varane,Sergio Ramos,Marcelo,Isco,Asier Illarramendi,Xabi Alonso,Gareth Bale,Karim Benzema,Cristiano Ronaldo",58.71,1,4,45,1,7,88.89,4,433,13,6,Carlos Clos Gómez,7,59.9,22,1,Juan Antonio Pizzi,19,2,0,33.33,2,17,11,68.84,Valencia,8,3,11,4,442,3,1,6,32,81.85,2,1,Real Madrid,Carlo Ancelotti,10,11,13,6.48,2,16,7,2,12,4,61.3,Santiago Bernabéu,8,8,81.71,5/4/2014,29,6.67,21,90,40.1,8,La_Liga,Blank,Real Madrid,1,,Home,59.9,32,10,61.3,14,6
644,22,4,4,81.55,6.23,36.11,18,"Pinto,Dani Alves,Javier Mascherano,Marc Bartra,Adriano,Sergio Busquets,Xavi,Andrés Iniesta,Alexis Sánchez,Lionel Messi,Pedro",5,9,37.5,5,6,6.25,2,5,14,66.79,4,2,8,77.08,2,6,1,3,2,37.5,"Sergio Asenjo,Mario,Mateo Musacchio,Gabriel Paulista,Bojan Jokic,Bruno,Tomás Pina,Manu Trigueros,Cani,Jérémy Perbet,Giovani dos Santos",80.69,8,5,6,1,8,71.11,8,41212,9,4,David Fernández Borbalán,5,31.83,6,0,Gerardo Martino,9,8,1,36.11,2,15,5,77.08,Barcelona,5,1,5,2,433,1,8,1,4,60.19,5,3,Villarreal,Marcelino García Toral,1,2,10,6.22,1,22,5,3,4,1,33.21,El Madrigal,18,14,60.19,4/27/2014,15,6.26,10,71.11,68.17,9,La_Liga,Barcelona,Barcelona,2,Away,Away,68.17,9,5,66.79,9,5
815,4,9,7,58.65,6.73,45.45,2,"Diego Alves,Antonio Barragán,Nicolás Otamendi,Shkodran Mustafi,José Gayá,André Gomes,Javi Fuego,Daniel Parejo,Sofiane Feghouli,Paco Alcácer,Pablo Piatti",0,4,50,14,47,6.04,4,1,2,31.57,20,3,7,66.67,12,18,7,3,3,62.5,"Iker Casillas,Álvaro Arbeloa,Pepe,Sergio Ramos,Fábio Coentrão,James Rodríguez,Toni Kroos,Isco,Gareth Bale,Chicharito,Cristiano Ronaldo",48.17,1,4,47,1,11,75,3,433,7,2,Carlos Clos Gómez,3,62.63,18,2,Nuno Espírito Santo,14,7,0,50,2,10,11,50,Valencia,5,0,11,1,433,0,1,11,27,73.92,8,9,Real Madrid,Carlo Ancelotti,19,10,6,6.45,0,20,3,2,6,2,68.43,Santiago Bernabéu,13,8,79.42,5/9/2015,23,6.29,18,73.96,37.37,13,La_Liga,Blank,Real Madrid,2,,Home,62.63,27,19,68.43,9,11
931,9,5,10,80.04,6.32,40.91,5,"Claudio Bravo,Adriano,Javier Mascherano,Marc Bartra,Jordi Alba,Rafinha,Ivan Rakitic,Sergio Busquets,Munir El Haddadi,Lionel Messi,Pedro",0,8,27.78,16,27,6.23,6,1,8,63.59,5,3,5,72.22,4,9,1,1,4,37.96,"Rubén Martínez,Ximo Navarro,Fran Vélez,Ángel Trujillo,Sebastián Dubarbier,Thomas Partey,Verza,Ramón Azeez,Fernando Soriano,Jonathan,Thievy",75.33,2,1,27,1,11,77.78,4,4231,2,4,Alberto Undiano Mallenco,3,34.61,9,0,Luis Enrique,13,5,1,40,1,11,9,68.25,Barcelona,6,2,9,2,433,0,2,5,6,49.94,7,5,Almeria,Francisco Rodríguez,9,2,10,6.16,0,22,3,2,4,1,36.41,Juegos Mediterráneos,12,19,48.55,11/8/2014,30,6.45,24,77.5,65.39,18,La_Liga,Barcelona,Barcelona,2,Away,Away,65.39,18,16,63.59,8,7
1234,20,3,12,83.6,6.42,58.33,13,"Keylor Navas,Danilo,Raphael Varane,Pepe,Marcelo,Luka Modric,Toni Kroos,Isco,James Rodríguez,Karim Benzema,Cristiano Ronaldo",1,6,30,17,29,6.36,8,3,4,53.27,4,2,21,85.19,1,11,0,3,1,28.57,"Antonio Adán,Francisco Molinero,Germán Pezzella,Bruno,Juan Vargas,Petros,Alfred N'Diaye,Foued Kadir,Fabián,Álvaro Cejudo,Rubén Castro",87.74,8,6,29,0,18,55.77,6,4231,8,7,Juan Martínez Munuera,2,36.51,11,0,Zinedine Zidane,11,21,1,66.67,1,12,6,82.98,Real Madrid,10,4,6,2,433,2,8,6,4,59.29,9,9,Real Betis,Juan Merino,13,2,6,6.11,0,47,2,1,3,0,46.73,Benito Villamarín,35,18,68.34,1/24/2016,28,6.51,18,56.99,63.49,18,La_Liga,Blank,Real Madrid,1,,Away,63.49,18,17,53.27,6,9
1457,21,8,13,75.66,6.44,45.83,15,"Keylor Navas,Danilo,Raphael Varane,Pepe,Marcelo,Mateo Kovacic,Toni Kroos,Isco,Gareth Bale,Karim Benzema,Jesé",2,7,58.33,15,26,6.44,6,5,13,61.52,10,1,15,70.83,4,9,3,4,2,46.43,"Juan Carlos,Quini,Antonio Amaya,José Ángel Crespo,Tito,Roberto Trashorras,Jozabed,Adrián Embarba,Pablo Hernández,Bebé,Miku",72.65,9,8,26,2,13,60.53,7,4231,7,6,Alejandro José Hernández Hernández,4,41.03,9,1,Zinedine Zidane,14,15,2,57.69,2,15,8,70.45,Real Madrid,11,3,8,4,433,3,9,2,11,62.96,3,6,Rayo Vallecano,Paco Jémez,9,6,7,6.09,3,43,4,3,8,6,38.48,Campo de Fútbol de Vallecas,30,20,64.73,4/23/2016,27,6.5,16,69.44,58.97,16,La_Liga,Real Madrid,Real Madrid,2,Away,Away,58.97,16,15,61.52,7,3
1581,9,6,8,56.15,6.59,16.67,4,"Yoel Rodríguez,Ander Capa,Florian Lejeune,Anaitz Arbilla,David Juncà,Rubén Peña,Gonzalo Escalante,Dani García,Takashi Inui,Sergi Enrich,Kike García",,3,45,3,13,6.11,4,,10,0.26,13,2,2,71.88,10,5,1,3,6,42.42,"Marc-André ter Stegen,Sergi Roberto,Marlon Santos,Samuel Umtiti,Jordi Alba,Ivan Rakitic,Sergio Busquets,Andrés Iniesta,Lionel Messi,Luis Suárez,Neymar",55.37,1,8,13,0,5,92.86,2,433,11,5,Alejandro José Hernández Hernández,5,0.73,5,1,José Luis Mendilibar,17,2,0,16.67,4,19,14,72.4,Eibar,16,4,14,3,442,1,1,10,18,81.93,1,4,Barcelona,Luis Enrique,16,11,11,6.4,5,16,5,2,5,10,0.74,Camp Nou,8,13,77.98,5/21/2017,46,6.34,30,92.31,0.27,6,La_Liga,Barcelona,Barcelona,3,Home,Home,0.73,18,16,0.74,6,10
1798,12,8,16,66.18,6.37,50,6,"Sergio Asenjo,Mario,Mateo Musacchio,Víctor Ruiz,José Ángel,Manu Trigueros,Bruno Soriano,Samu Castillejo,Jonathan dos Santos,Denis Cheryshev,Nicola Sansone",1,6,50,9,27,6.22,3,2,6,0.44,19,2,4,76.92,17,9,10,2,8,45.45,"Kiko Casilla,Danilo,Raphael Varane,Sergio Ramos,Marcelo,James Rodríguez,Mateo Kovacic,Toni Kroos,Gareth Bale,Karim Benzema,Cristiano Ronaldo",77.98,2,7,27,5,6,85,4,433,8,6,José Luis González González,4,0.59,9,1,Fran Escribá,18,4,0,33.33,1,14,5,81.82,Villarreal,13,,4,0,4231,,2,3,23,85.37,2,3,Real Madrid,Zinedine Zidane,9,6,8,6.18,1,24,3,1,8,2,0.56,Santiago Bernabéu,8,11,87.67,9/21/2016,23,6.4,11,85,0.41,8,La_Liga,Blank,Real Madrid,1,,Home,0.59,23,9,0.56,8,3
1549,15,9,10,79.3,6.34,35.42,9,"Gianluigi Buffon,Leonardo Bonucci,Andrea Barzagli,Giorgio Chiellini,Martín Cáceres,Paolo De Ceglie,Claudio Marchisio,Emanuele Giaccherini,Andrea Pirlo,Sebastian Giovinco,Alessandro Matri",1,6,66.67,15,36,6.41,6,3,10,65.57,6,1,8,35.19,1,15,4,4,0,35.71,"Sebastien Frey,Mario Sampirisi,Michele Canini,Cesare Bovo,Luca Antonelli,Felipe Seymour,Bosko Jankovic,Juraj Kucka,Andrea Bertolacci,Ciro Immobile,Marco Borriello",73.92,4,1,36,3,13,86.11,6,41212,8,6,Gianluca Rocchi,8,37.16,15,0,Antonio Conte,11,8,1,27.78,1,13,11,69.44,Juventus,5,2,11,3,352,1,4,9,13,53.54,7,9,Genoa,Luigi De Canio,18,4,12,6.04,1,30,8,3,3,1,34.43,Luigi Ferraris,20,19,52.59,9/16/2012,33,6.62,28,77.33,62.84,19,Serie_A,Juventus,Juventus,3,Away,Away,62.84,19,15,65.57,6,7
1615,2,7,11,64.01,6.35,5,1,"Sergio Romero,Gaetano Berardi,Daniele Gastaldello,Jonathan Rossini,Andrea Costa,Fernando Tissone,Roberto Soriano,Andrea Poli,Gianni Munari,Marcelo Estigarribia,Éder",1,2,41.67,15,33,6.13,2,4,13,42.91,14,1,1,66.67,1,22,2,0,0,36.54,"Samir Handanovic,Javier Zanetti,Walter Samuel,Andrea Ranocchia,Álvaro Pereira,Gaby Mudingayi,Fredy Guarín,Walter Gargano,Rodrigo Palacio,Antonio Cassano,Diego Milito",53.55,0,4,33,2,4,100,1,4321,16,1,Daniele Doveri,7,58.63,22,1,Ciro Ferrara,24,1,0,0,3,18,13,70.56,Sampdoria,7,3,13,2,4141,2,0,7,17,80.84,10,2,Inter,Andrea Stramaccioni,11,5,14,6.32,0,22,7,2,6,0,57.09,Giuseppe Meazza,11,18,77.04,10/31/2012,39,6.52,32,97.22,41.37,6,Serie_A,Inter,Inter,2,Home,Home,58.63,17,11,57.09,7,7
1622,13,6,7,63.95,6.48,36.67,8,"Samir Handanovic,Walter Samuel,Juan Jesus,Andrea Ranocchia,Javier Zanetti,Esteban Cambiasso,Walter Gargano,Yuto Nagatomo,Rodrigo Palacio,Diego Milito,Antonio Cassano",2,6,39.74,22,35,6.49,6,4,12,52.59,7,1,6,77.94,3,12,2,3,2,54.89,"Gianluigi Buffon,Leonardo Bonucci,Giorgio Chiellini,Andrea Barzagli,Stephan Lichtsteiner,Kwadwo Asamoah,Arturo Vidal,Claudio Marchisio,Andrea Pirlo,Sebastian Giovinco,Mirko Vucinic",72.35,2,9,35,0,11,85,5,352,9,5,Paolo Tagliavento,7,53.37,12,0,Andrea Stramaccioni,12,6,1,21.43,1,25,20,61.84,Inter,15,3,20,4,343,3,2,4,14,77.82,11,3,Juventus,Antonio Conte,10,7,16,6.12,3,23,7,3,3,5,47.41,Juventus Stadium,16,21,76.31,11/3/2012,50,6.58,35,73.68,46.63,16,Serie_A,Inter,Inter,3,Away,Away,46.63,16,22,52.59,6,11
1692,18,3,13,81.78,6.22,50,10,"Gianluigi Buffon,Andrea Barzagli,Leonardo Bonucci,Martín Cáceres,Stephan Lichtsteiner,Kwadwo Asamoah,Arturo Vidal,Andrea Pirlo,Claudio Marchisio,Sebastian Giovinco,Fabio Quagliarella",3,7,16.67,23,19,6.37,10,9,11,59.89,3,1,10,87.5,1,15,2,2,1,26.67,"Michael Agazzi,Francesco Pisano,Davide Astori,Lorenzo Ariaudo,Nicola Murru,Radja Nainggolan,Daniele Dessena,Albin Ekdal,Thiago Ribeiro,Mauricio Pinilla,Marco Sau",76.6,5,2,19,2,23,73.33,5,41212,10,8,Antonio Damato,1,32.74,15,0,Antonio Conte,11,10,1,56.25,1,9,4,80,Juventus,6,4,4,1,352,1,5,9,5,58.88,10,6,Cagliari,Ivo Pulga,15,2,7,6.01,0,34,1,3,1,1,40.11,Ennio Tardini,21,15,63.4,12/21/2012,22,6.51,16,72.41,67.26,30,Serie_A,Juventus,Juventus,3,Away,Away,67.26,30,23,59.89,7,10
1778,13,5,11,76.06,6.66,19.7,11,"Christian Abbiati,Ignazio Abate,Cristian Zapata,Philippe Mexes,Mattia De Sciglio,Sulley Muntari,Riccardo Montolivo,Antonio Nocerino,Kevin-Prince Boateng,Mario Balotelli,Stephan El Shaarawy",2,9,38.46,17,36,6.11,6,5,5,55.86,11,5,5,71.11,1,17,2,3,1,38,"Samir Handanovic,Yuto Nagatomo,Juan Jesus,Andrea Ranocchia,Javier Zanetti,Esteban Cambiasso,Walter Gargano,Fredy Guarín,Rodrigo Palacio,Ricardo Álvarez,Antonio Cassano",73.84,3,5,36,1,15,75,7,4231,6,2,Paolo Silvio Mazzoleni,7,44.53,17,1,Massimiliano Allegri,12,5,0,30,1,21,12,72.78,AC Milan,10,0,12,2,433,0,3,7,13,64.77,7,4,Inter,Andrea Stramaccioni,17,4,16,6.41,0,36,7,1,5,0,44.14,Giuseppe Meazza,25,17,69.22,2/24/2013,42,6.42,32,84.52,55.47,19,Serie_A,Blank,Inter,1,,Home,44.53,13,17,44.14,5,7
1790,28,6,7,76.7,6.38,40.4,24,"Samir Handanovic,Javier Zanetti,Juan Jesus,Cristian Chivu,Álvaro Pereira,Zdravko Kuzmanovic,Walter Gargano,Ezequiel Schelotto,Fredy Guarín,Ricardo Álvarez,Tommaso Rocchi",2,8,55.56,24,41,6.58,6,2,8,52.71,9,1,19,68.75,0,22,3,2,0,68.42,"Mariano Andújar,Pablo Álvarez,Nicolás Spolli,Alexis Rolín,Giovanni Marchese,Francesco Lodi,Marco Biagianti,Mariano Izco,Lucas Castro,Alejandro Gomez,Gonzalo Bergessio",73.94,8,9,41,1,14,75,7,4231,6,4,Mauro Bergonzi,7,46.32,22,0,Andrea Stramaccioni,15,19,2,29.41,2,21,15,56.9,Inter,14,3,15,3,4231,0,8,7,14,61.7,12,4,Catania,Rolando Maran,13,4,12,6.04,1,52,7,3,4,2,47.29,Angelo Massimino,45,18,68.52,3/3/2013,36,6.81,22,65.81,53.68,16,Serie_A,Inter,Inter,3,Away,Away,53.68,16,24,52.71,8,12
1850,25,11,21,64.5,6.54,33.33,13,"Michael Agazzi,Gabriele Perico,Davide Astori,Luca Rossettini,Nicola Murru,Daniele Conti,Radja Nainggolan,Daniele Dessena,Albin Ekdal,Mauricio Pinilla,Victor Ibarbo",0,3,28.57,9,27,6.09,1,0,15,35.59,16,1,9,77.78,10,16,4,2,7,28.57,"Marco Storari,Leonardo Bonucci,Andrea Barzagli,Giorgio Chiellini,Mauricio Isla,Emanuele Giaccherini,Arturo Vidal,Claudio Marchisio,Luca Marrone,Alessandro Matri,Sebastian Giovinco",64.67,6,2,27,3,6,75.93,3,352,15,12,Gianpaolo Calvarese,2,60.17,16,1,Ivo Pulga,27,9,0,45.45,1,9,4,82.5,Cagliari,8,3,4,2,41212,2,6,4,20,80.36,2,3,Juventus,Antonio Conte,10,5,7,6.42,1,47,2,1,7,3,64.41,Juventus Stadium,26,25,79.84,5/11/2013,22,6.38,14,81.72,39.83,8,Serie_A,Blank,Juventus,1,,Home,60.17,20,10,64.41,11,4
1934,21,5,11,77.86,6.47,46.43,17,"Samir Handanovic,Hugo Campagnaro,Juan Jesus,Rolando,Jonathan,Yuto Nagatomo,Saphir Taïder,Ricardo Álvarez,Esteban Cambiasso,Fredy Guarín,Rodrigo Palacio",0,9,38.89,10,31,6.47,6,3,12,65.69,7,2,18,75,2,12,2,5,0,28.12,"Gianluca Curci,Frederik Sörensen,Cesare Natali,Mikael Antonsson,György Garics,Rene Krhin,Diego Pérez,Archimede Morleo,Panagiotis Kone,Alessandro Diamanti,Jonathan Cristaldo",76.13,11,5,31,2,18,52.94,8,3421,2,4,Luca Banti,4,37.77,12,0,Walter Mazzarri,7,18,1,61.54,1,15,5,82,Inter,10,3,5,2,3511,1,11,4,9,57.8,8,14,Bologna,Stefano Pioli,9,4,10,6.12,1,49,4,1,5,6,34.31,Renato Dall'Ara,38,18,56.51,11/24/2013,27,6.62,17,65.71,62.23,22,Serie_A,Blank,Inter,1,,Away,62.23,22,10,65.69,9,8
1958,15,7,13,71.5,6.56,42.03,10,"Antonio Mirante,Mattia Cassani,Gabriel Paletta,Alessandro Lucarelli,Massimo Gobbi,Marco Parolo,Marco Marchionni,Walter Gargano,Jonathan Biabiany,Antonio Cassano,Nicola Sansone",0,6,72.73,14,35,6.24,8,4,6,44.41,14,4,12,53.33,3,17,2,5,2,61.36,"Samir Handanovic,Hugo Campagnaro,Juan Jesus,Andrea Ranocchia,Jonathan,Javier Zanetti,Esteban Cambiasso,Ricardo Álvarez,Fredy Guarín,Mateo Kovacic,Rodrigo Palacio",71.45,2,6,35,1,14,91.67,5,3511,10,5,Paolo Valeri,11,53.12,17,2,Roberto Donadoni,19,12,1,16.67,3,20,18,59.44,Parma,12,0,18,2,433,0,2,5,15,75.3,6,11,Inter,Walter Mazzarri,13,6,14,6.34,3,40,11,3,7,3,55.59,Giuseppe Meazza,27,15,80.03,12/8/2013,39,6.64,27,74.48,46.88,17,Serie_A,Blank,Inter,1,,Home,53.12,15,13,55.59,7,5
2016,16,3,5,77.32,6.23,36.67,14,"Gianluigi Buffon,Andrea Barzagli,Leonardo Bonucci,Angelo Ogbonna,Stephan Lichtsteiner,Kwadwo Asamoah,Arturo Vidal,Paul Pogba,Claudio Marchisio,Carlos Tévez,Fernando Llorente",1,4,57.14,13,25,6.37,3,4,13,63.24,7,1,9,50,0,11,2,3,0,58.33,"Etrit Berisha,Lorik Cana,André Dias,Giuseppe Biava,Luis Pedro Cavanda,Lucas Biglia,Cristian Ledesma,Abdoulay Konko,Hernanes,Antonio Candreva,Miroslav Klose",82.75,5,2,25,0,8,70.51,2,3421,10,2,Davide Massa,4,41.35,11,0,Antonio Conte,16,9,1,33.33,1,9,13,50,Juventus,4,1,13,1,352,1,5,8,11,65.57,3,7,Lazio,Edoardo Reja,15,3,7,6.04,0,29,4,1,0,2,36.76,Olimpico,24,20,59.48,1/25/2014,25,6.57,21,68.84,58.65,11,Serie_A,Blank,Juventus,1,,Away,58.65,11,13,63.24,4,3
2064,15,7,12,56.05,6.42,20.83,11,"Vlada Avramov,Daniele Dessena,Davide Astori,Luca Rossettini,Danilo Avelar,Andrea Cossu,Albin Ekdal,Matías Vecino,Adryan,Mauricio Pinilla,Víctor Ibarbo",0,4,28.57,10,29,6.14,1,0,7,43.7,13,1,4,81.82,4,16,3,3,2,50,"Samir Handanovic,Walter Samuel,Juan Jesus,Rolando,Jonathan,Yuto Nagatomo,Ricardo Álvarez,Fredy Guarín,Zdravko Kuzmanovic,Diego Milito,Rodrigo Palacio",65.72,3,6,29,1,5,88.46,3,352,5,4,Carmine Russo,2,60.97,16,1,Diego Lopez,9,4,0,16.67,1,13,7,71.43,Cagliari,12,1,7,2,41212,1,3,4,16,74.71,8,3,Inter,Walter Mazzarri,15,5,7,6.22,1,26,2,1,5,1,56.3,Giuseppe Meazza,14,9,70.72,2/23/2014,26,6.33,14,89.58,39.03,6,Serie_A,Blank,Inter,1,,Home,60.97,16,15,56.3,7,4
2226,15,2,13,81.38,6.47,38.89,7,"Gianluigi Buffon,Angelo Ogbonna,Andrea Barzagli,Giorgio Chiellini,Mauricio Isla,Federico Peluso,Paul Pogba,Claudio Marchisio,Andrea Pirlo,Fabio Quagliarella,Fernando Llorente",3,9,33.33,14,51,6.28,8,4,4,72.81,5,2,7,87.5,2,28,1,2,1,18.75,"Christian Puggioni,Gennaro Sardo,Alessandro Bernardini,Bostjan Cesar,Claiton,Boukary Dramé,Simone Bentivoglio,Luca Rigoni,Marcelo Estigarribia,Cyril Théréau,Alberto Paloschi",79.68,5,6,51,0,14,66.67,7,532,8,8,Andrea De Marco,1,33.13,28,0,Antonio Conte,13,7,1,71.43,1,9,2,91.18,Juventus,14,1,2,2,352,0,5,7,5,61.99,8,4,Chievo,Giuseppe Sannino,16,3,3,6.16,1,31,1,2,2,6,27.19,Marc'Antonio Bentegodi,18,12,55.55,9/25/2013,23,6.44,9,78.4,66.87,18,Serie_A,Juventus,Juventus,2,Away,Away,66.87,18,14,72.81,9,8
2310,13,3,9,77.84,6.37,43.33,9,"Samir Handanovic,Yuto Nagatomo,Juan Jesus,Andrea Ranocchia,Dodô,Fredy Guarín,Joel Obi,Zdravko Kuzmanovic,Rodrigo Palacio,Mauro Icardi,Mateo Kovacic",0,3,70,17,27,6.34,3,1,9,50.23,7,2,8,72.73,7,16,3,2,2,50,"Diego López,Adil Rami,Cristian Zapata,Philippe Mexes,Mattia De Sciglio,Sulley Muntari,Michael Essien,Giacomo Bonaventura,Jérémy Menez,Stephan El Shaarawy,Fernando Torres",76.67,3,10,27,0,3,77.78,2,4231,4,4,Marco Guida,4,46.04,16,0,Roberto Mancini,15,8,1,28.57,1,17,5,81.82,Inter,19,1,5,1,433,1,3,5,10,74.04,7,4,AC Milan,Filippo Inzaghi,12,2,7,6.13,1,27,4,1,2,3,49.77,Giuseppe Meazza,18,19,75.83,11/23/2014,30,6.53,11,71.43,53.96,8,Serie_A,Blank,Inter,1,,Away,53.96,8,17,50.23,3,7
2357,11,4,13,60.33,6.66,64.29,4,"Federico Marchetti,Dusan Basta,Lorik Cana,Stefan de Vrij,Stefan Radu,Cristian Ledesma,Senad Lulic,Marco Parolo,Felipe Anderson,Miroslav Klose,Stefano Mauri",0,3,62.5,7,38,6.07,2,1,9,37.49,13,2,5,51.67,9,18,4,0,4,52.63,"Samir Handanovic,Danilo D'Ambrosio,Juan Jesus,Andrea Ranocchia,Dodô,Fredy Guarín,Mateo Kovacic,Zdravko Kuzmanovic,Rodrigo Palacio,Mauro Icardi,Yuto Nagatomo",68.48,2,3,38,2,3,83.33,2,433,9,7,Paolo Tagliavento,7,63.58,18,2,Stefano Pioli,17,5,0,50,2,14,13,66.09,Lazio,12,4,13,1,433,2,2,8,16,79.53,1,0,Inter,Roberto Mancini,14,6,11,6.48,1,21,7,2,4,2,62.51,Giuseppe Meazza,8,23,77.88,12/21/2014,36,6.3,24,77.78,36.42,5,Serie_A,Blank,Inter,2,,Home,63.58,16,14,62.51,4,8
2379,24,7,17,71.28,6.4,50,11,"Samir Handanovic,Hugo Campagnaro,Juan Jesus,Andrea Ranocchia,Danilo D'Ambrosio,Gary Medel,Fredy Guarín,Zdravko Kuzmanovic,Hernanes,Mateo Kovacic,Mauro Icardi",1,3,75,10,30,6.55,2,3,14,42.01,7,0,13,65.69,11,16,3,1,7,84.38,"Gianluigi Buffon,Stephan Lichtsteiner,Leonardo Bonucci,Giorgio Chiellini,Patrice Evra,Andrea Pirlo,Paul Pogba,Claudio Marchisio,Arturo Vidal,Carlos Tévez,Fernando Llorente",75.05,5,12,30,2,9,77.19,3,41212,8,13,Luca Banti,9,54.06,16,0,Roberto Mancini,18,13,1,45.45,1,24,18,61.98,Inter,23,0,18,4,4321,0,5,4,11,70.21,5,3,Juventus,Massimiliano Allegri,12,5,12,6.12,3,43,9,1,5,5,57.99,Juventus Stadium,26,18,74.76,1/6/2015,45,6.75,22,68.14,45.94,13,Serie_A,Blank,Inter,1,,Away,45.94,13,10,42.01,3,5
2472,12,8,11,60.8,6.53,53.85,6,"Nicola Leali,Gabriele Perico,Daniele Capelli,Luka Krajnc,Hördur Bjorgvin Magnusson,Gaby Mudingayi,Giuseppe De Feudis,Luigi Giorgi,Carlos Carbonero,Milan Djuric,Gregoire Defrel",3,6,50,15,42,6.17,1,3,6,35.2,14,1,8,76.92,7,20,5,0,3,55.26,"Samir Handanovic,Danilo D'Ambrosio,Andrea Ranocchia,Marco Andreolli,Dodô,Gary Medel,Fredy Guarín,Zdravko Kuzmanovic,Xherdan Shaqiri,Rodrigo Palacio,Mauro Icardi",60.33,4,7,42,2,6,68.18,5,41212,8,6,Andrea Gervasoni,3,63.77,20,1,Domenico Di Carlo,13,8,0,66.67,1,13,13,62.96,Cesena,10,3,13,0,4312,1,4,14,19,80.53,9,2,Inter,Roberto Mancini,18,4,6,6.32,2,25,3,1,5,3,64.8,Giuseppe Meazza,15,19,81.05,3/15/2015,32,6.43,22,69.84,36.23,9,Serie_A,Blank,Inter,1,,Home,63.77,19,18,64.8,8,14
2803,7,13,10,51.64,6.54,85.71,4,"Albano Bizzarri,Nicolas Frey,Alessandro Gamberini,Bostjan Cesar,Massimo Gobbi,Lucas Castro,Perparim Hetemaj,Nicola Rigoni,Valter Birsa,Riccardo Meggiorini,Alberto Paloschi",0,3,61.54,21,31,6.08,3,0,4,31.74,19,1,6,61.11,5,16,5,3,2,61.9,"Gianluigi Buffon,Martín Cáceres,Leonardo Bonucci,Andrea Barzagli,Alex Sandro,Roberto Pereyra,Stefano Sturaro,Claudio Marchisio,Hernanes,Paulo Dybala,Álvaro Morata",54.94,4,7,31,4,3,41.67,1,4312,10,3,Marco Guida,8,65.11,16,1,Rolando Maran,19,6,0,100,1,20,13,62.9,Chievo,15,1,13,2,4312,1,4,9,26,83.36,8,3,Juventus,Massimiliano Allegri,20,7,13,6.36,1,17,8,1,10,1,68.26,Juventus Stadium,7,11,87.32,9/12/2015,36,6.3,21,65.48,34.89,6,Serie_A,Blank,Juventus,1,,Home,65.11,26,20,68.26,13,9
2806,7,3,9,76.77,6.39,71.43,5,"Samir Handanovic,Yuto Nagatomo,Juan Jesus,Jeison Murillo,Alex Telles,Felipe Melo,Marcelo Brozovic,Geoffrey Kondogbia,Rodrigo Palacio,Mauro Icardi,Éder",2,8,80.95,20,28,6.41,7,3,8,68.06,7,2,17,56.41,7,16,2,4,4,65.38,"Pierluigi Gollini,Eros Pisano,Vangelis Moras,Filip Helander,Michelangelo Albertazzi,Pawel Wszolek,Luca Marrone,Artur Ionita,Mohamed Fares,Luca Toni,Giampaolo Pazzini",77.55,5,6,28,1,10,28.57,5,442,2,2,Piero Giacomelli,7,32.19,16,1,Roberto Mancini,5,17,2,100,3,15,11,68.75,Inter,13,2,11,2,433,0,5,5,10,54.88,11,9,Verona,Luigi Delneri,12,4,9,6.17,0,32,7,3,3,0,31.94,Marc'Antonio Bentegodi,23,16,48.92,2/7/2016,31,6.64,18,45.68,67.81,15,Serie_A,Blank,Inter,1,,Away,67.81,15,20,68.06,8,11
3048,15,3,10,78.45,6.37,51.75,11,"Samir Handanovic,Danilo D'Ambrosio,Miranda,Gary Medel,Cristian Ansaldi,Marcelo Brozovic,Geoffrey Kondogbia,Antonio Candreva,João Mário,Ivan Perisic,Mauro Icardi",1,10,71.43,16,23,6.21,7,5,7,0.63,8,2,12,64.29,1,8,2,5,0,81.58,"Gianluigi Donnarumma,Ignazio Abate,Gabriel Paletta,Gustavo Gómez,Mattia De Sciglio,Giacomo Bonaventura,Manuel Locatelli,Juraj Kucka,Suso,Carlos Bacca,M'Baye Niang",77.22,6,8,23,0,20,59.09,8,433,7,4,Paolo Tagliavento,6,0.34,8,0,Stefano Pioli,15,12,1,55.56,2,16,19,48.33,Inter,12,1,19,3,4231,0,6,7,10,55.66,10,8,AC Milan,Vincenzo Montella,14,4,8,6.19,2,34,6,2,3,3,0.37,Giuseppe Meazza,24,16,61.6,11/20/2016,35,6.56,23,60.23,0.66,22,Serie_A,Blank,Inter,1,,Away,0.66,22,16,0.63,10,10
3068,13,7,15,80.25,6.36,60.71,4,"Gianluigi Buffon,Dani Alves,Leonardo Bonucci,Giorgio Chiellini,Alex Sandro,Miralem Pjanic,Sami Khedira,Juan Cuadrado,Paulo Dybala,Mario Mandzukic,Gonzalo Higuaín",1,4,40,13,12,6.26,8,2,12,0.58,10,1,9,66.67,7,6,3,2,3,58.82,"Etrit Berisha,Rafael Toloi,Andrea Masiello,Mattia Caldara,Andrea Conti,Bryan Cristante,Remo Freuler,Leonardo Spinazzola,Hans Hateboer,Jasmin Kurtic,Alejandro Gomez",75.36,1,3,12,2,14,90.91,4,3421,10,9,Marco Guida,4,0.35,6,0,Massimiliano Allegri,12,9,1,25,2,14,10,60.42,Juventus,9,4,10,3,4231,2,1,3,14,62.54,6,10,Atalanta,Gian Piero Gasperini,9,7,11,6.14,2,30,4,2,7,2,0.42,Atleti Azzurri d'Italia,15,22,62.31,4/28/2017,28,6.54,19,68.67,0.65,16,Serie_A,Blank,Juventus,1,,Away,0.65,16,13,0.58,4,6
3215,13,16,13,63.87,6.67,46.15,6,"Stefano Sorrentino,Nicolas Frey,Alessandro Gamberini,Dario Dainelli,Massimo Gobbi,Lucas Castro,Samuel Bastien,Ivan Radovanovic,Valter Birsa,Sergio Pellissier,Riccardo Meggiorini",,2,66.67,12,32,6.24,4,,5,0.33,23,1,7,42.86,12,24,7,1,9,66.67,"Samir Handanovic,Danilo D'Ambrosio,Miranda,Jeison Murillo,Cristian Ansaldi,Geoffrey Kondogbia,Roberto Gagliardini,Antonio Candreva,João Mário,Ivan Perisic,Mauro Icardi",62.12,2,2,32,2,5,86.36,2,4231,11,7,Piero Giacomelli,8,0.65,24,1,Rolando Maran,21,7,0,33.33,3,14,17,42.59,Chievo,4,2,17,6,4312,0,2,8,31,83.59,4,2,Inter,Stefano Pioli,16,14,12,6.38,,27,8,1,12,,0.67,Giuseppe Meazza,14,13,82.01,1/14/2017,29,6.52,25,77.27,0.35,5,Serie_A,Inter,Inter,3,Home,Home,0.65,31,16,0.67,16,8
3411,5,4,2,79.5,6.38,57.14,5,"Gianluigi Buffon,Dani Alves,Giorgio Chiellini,Leonardo Bonucci,Alex Sandro,Miralem Pjanic,Sami Khedira,Juan Cuadrado,Paulo Dybala,Mario Mandzukic,Gonzalo Higuaín",0,2,90,17,25,6.18,3,4,9,0.62,6,1,5,63.64,3,11,2,2,0,93.75,"Orestis Karnezis,Silvan Widmer,Danilo,Felipe,Samir,Rodrigo de Paul,Seko Fofana,Emil Hallfredsson,Jakub Jankto,Duván Zapata,Stipe Perica",84.29,4,7,25,0,7,25,2,442,4,0,Antonio Damato,5,0.35,11,0,Massimiliano Allegri,9,5,1,75,1,13,8,69.05,Juventus,18,2,8,4,4231,2,4,7,10,58.83,8,7,Udinese,Luigi Delneri,20,5,6,6.19,1,10,5,1,1,3,0.38,Dacia Arena,8,19,65.59,3/5/2017,27,6.4,9,55.56,0.65,9,Serie_A,Blank,Juventus,1,,Away,0.65,9,17,0.62,2,8
